[ ERR ] [2025-06-27 12:17:55 GMT+7] AssertionError [ERR_ASSERTION]: NODE_ENV is required
    at Object.<anonymous> (/home/devilish/Desktop/Hour Booster (Dashboard & Bot/src/environments.js:15:1)
    at Module._compile (node:internal/modules/cjs/loader:1469:14)
    at Module._extensions..js (node:internal/modules/cjs/loader:1548:10)
    at Module.load (node:internal/modules/cjs/loader:1288:32)
    at Module._load (node:internal/modules/cjs/loader:1104:12)
    at Module.require (node:internal/modules/cjs/loader:1311:19)
    at Hook._require.Module.require (/usr/local/nodejs/lib/node_modules/pm2/node_modules/require-in-the-middle/index.js:101:39)
    at require (node:internal/modules/helpers:179:18)
    at Object.<anonymous> (/home/devilish/Desktop/Hour Booster (Dashboard & Bot/src/discord-bot/index.js:11:22)
    at Module._compile (node:internal/modules/cjs/loader:1469:14)
[ ERR ] [2025-06-27 12:17:57 GMT+7] AssertionError [ERR_ASSERTION]: NODE_ENV is required
    at Object.<anonymous> (/home/devilish/Desktop/Hour Booster (Dashboard & Bot/src/environments.js:15:1)
    at Module._compile (node:internal/modules/cjs/loader:1469:14)
    at Module._extensions..js (node:internal/modules/cjs/loader:1548:10)
    at Module.load (node:internal/modules/cjs/loader:1288:32)
    at Module._load (node:internal/modules/cjs/loader:1104:12)
    at Module.require (node:internal/modules/cjs/loader:1311:19)
    at Hook._require.Module.require (/usr/local/nodejs/lib/node_modules/pm2/node_modules/require-in-the-middle/index.js:101:39)
    at require (node:internal/modules/helpers:179:18)
    at Object.<anonymous> (/home/devilish/Desktop/Hour Booster (Dashboard & Bot/src/discord-bot/index.js:11:22)
    at Module._compile (node:internal/modules/cjs/loader:1469:14)
[ ERR ] [2025-06-27 12:18:01 GMT+7] AssertionError [ERR_ASSERTION]: NODE_ENV is required
    at Object.<anonymous> (/home/devilish/Desktop/Hour Booster (Dashboard & Bot/src/environments.js:15:1)
    at Module._compile (node:internal/modules/cjs/loader:1469:14)
    at Module._extensions..js (node:internal/modules/cjs/loader:1548:10)
    at Module.load (node:internal/modules/cjs/loader:1288:32)
    at Module._load (node:internal/modules/cjs/loader:1104:12)
    at Module.require (node:internal/modules/cjs/loader:1311:19)
    at Hook._require.Module.require (/usr/local/nodejs/lib/node_modules/pm2/node_modules/require-in-the-middle/index.js:101:39)
    at require (node:internal/modules/helpers:179:18)
    at Object.<anonymous> (/home/devilish/Desktop/Hour Booster (Dashboard & Bot/src/discord-bot/index.js:11:22)
    at Module._compile (node:internal/modules/cjs/loader:1469:14)
[ ERR ] [2025-06-27 12:18:04 GMT+7] AssertionError [ERR_ASSERTION]: NODE_ENV is required
    at Object.<anonymous> (/home/devilish/Desktop/Hour Booster (Dashboard & Bot/src/environments.js:15:1)
    at Module._compile (node:internal/modules/cjs/loader:1469:14)
    at Module._extensions..js (node:internal/modules/cjs/loader:1548:10)
    at Module.load (node:internal/modules/cjs/loader:1288:32)
    at Module._load (node:internal/modules/cjs/loader:1104:12)
    at Module.require (node:internal/modules/cjs/loader:1311:19)
    at Hook._require.Module.require (/usr/local/nodejs/lib/node_modules/pm2/node_modules/require-in-the-middle/index.js:101:39)
    at require (node:internal/modules/helpers:179:18)
    at Object.<anonymous> (/home/devilish/Desktop/Hour Booster (Dashboard & Bot/src/discord-bot/index.js:11:22)
    at Module._compile (node:internal/modules/cjs/loader:1469:14)
[ ERR ] [2025-06-27 12:18:07 GMT+7] AssertionError [ERR_ASSERTION]: NODE_ENV is required
    at Object.<anonymous> (/home/devilish/Desktop/Hour Booster (Dashboard & Bot/src/environments.js:15:1)
    at Module._compile (node:internal/modules/cjs/loader:1469:14)
    at Module._extensions..js (node:internal/modules/cjs/loader:1548:10)
    at Module.load (node:internal/modules/cjs/loader:1288:32)
    at Module._load (node:internal/modules/cjs/loader:1104:12)
    at Module.require (node:internal/modules/cjs/loader:1311:19)
    at Hook._require.Module.require (/usr/local/nodejs/lib/node_modules/pm2/node_modules/require-in-the-middle/index.js:101:39)
    at require (node:internal/modules/helpers:179:18)
    at Object.<anonymous> (/home/devilish/Desktop/Hour Booster (Dashboard & Bot/src/discord-bot/index.js:11:22)
    at Module._compile (node:internal/modules/cjs/loader:1469:14)
[ ERR ] [2025-06-27 12:18:10 GMT+7] AssertionError [ERR_ASSERTION]: NODE_ENV is required
    at Object.<anonymous> (/home/devilish/Desktop/Hour Booster (Dashboard & Bot/src/environments.js:15:1)
    at Module._compile (node:internal/modules/cjs/loader:1469:14)
    at Module._extensions..js (node:internal/modules/cjs/loader:1548:10)
    at Module.load (node:internal/modules/cjs/loader:1288:32)
    at Module._load (node:internal/modules/cjs/loader:1104:12)
    at Module.require (node:internal/modules/cjs/loader:1311:19)
    at Hook._require.Module.require (/usr/local/nodejs/lib/node_modules/pm2/node_modules/require-in-the-middle/index.js:101:39)
    at require (node:internal/modules/helpers:179:18)
    at Object.<anonymous> (/home/devilish/Desktop/Hour Booster (Dashboard & Bot/src/discord-bot/index.js:11:22)
    at Module._compile (node:internal/modules/cjs/loader:1469:14)
[ ERR ] [2025-06-27 12:18:13 GMT+7] AssertionError [ERR_ASSERTION]: NODE_ENV is required
    at Object.<anonymous> (/home/devilish/Desktop/Hour Booster (Dashboard & Bot/src/environments.js:15:1)
    at Module._compile (node:internal/modules/cjs/loader:1469:14)
    at Module._extensions..js (node:internal/modules/cjs/loader:1548:10)
    at Module.load (node:internal/modules/cjs/loader:1288:32)
    at Module._load (node:internal/modules/cjs/loader:1104:12)
    at Module.require (node:internal/modules/cjs/loader:1311:19)
    at Hook._require.Module.require (/usr/local/nodejs/lib/node_modules/pm2/node_modules/require-in-the-middle/index.js:101:39)
    at require (node:internal/modules/helpers:179:18)
    at Object.<anonymous> (/home/devilish/Desktop/Hour Booster (Dashboard & Bot/src/discord-bot/index.js:11:22)
    at Module._compile (node:internal/modules/cjs/loader:1469:14)
[ ERR ] [2025-06-27 12:18:16 GMT+7] AssertionError [ERR_ASSERTION]: NODE_ENV is required
    at Object.<anonymous> (/home/devilish/Desktop/Hour Booster (Dashboard & Bot/src/environments.js:15:1)
    at Module._compile (node:internal/modules/cjs/loader:1469:14)
    at Module._extensions..js (node:internal/modules/cjs/loader:1548:10)
    at Module.load (node:internal/modules/cjs/loader:1288:32)
    at Module._load (node:internal/modules/cjs/loader:1104:12)
    at Module.require (node:internal/modules/cjs/loader:1311:19)
    at Hook._require.Module.require (/usr/local/nodejs/lib/node_modules/pm2/node_modules/require-in-the-middle/index.js:101:39)
    at require (node:internal/modules/helpers:179:18)
    at Object.<anonymous> (/home/devilish/Desktop/Hour Booster (Dashboard & Bot/src/discord-bot/index.js:11:22)
    at Module._compile (node:internal/modules/cjs/loader:1469:14)
[ ERR ] [2025-06-27 12:18:19 GMT+7] AssertionError [ERR_ASSERTION]: NODE_ENV is required
    at Object.<anonymous> (/home/devilish/Desktop/Hour Booster (Dashboard & Bot/src/environments.js:15:1)
    at Module._compile (node:internal/modules/cjs/loader:1469:14)
    at Module._extensions..js (node:internal/modules/cjs/loader:1548:10)
    at Module.load (node:internal/modules/cjs/loader:1288:32)
    at Module._load (node:internal/modules/cjs/loader:1104:12)
    at Module.require (node:internal/modules/cjs/loader:1311:19)
    at Hook._require.Module.require (/usr/local/nodejs/lib/node_modules/pm2/node_modules/require-in-the-middle/index.js:101:39)
    at require (node:internal/modules/helpers:179:18)
    at Object.<anonymous> (/home/devilish/Desktop/Hour Booster (Dashboard & Bot/src/discord-bot/index.js:11:22)
    at Module._compile (node:internal/modules/cjs/loader:1469:14)
[ ERR ] [2025-06-27 12:18:22 GMT+7] AssertionError [ERR_ASSERTION]: NODE_ENV is required
    at Object.<anonymous> (/home/devilish/Desktop/Hour Booster (Dashboard & Bot/src/environments.js:15:1)
    at Module._compile (node:internal/modules/cjs/loader:1469:14)
    at Module._extensions..js (node:internal/modules/cjs/loader:1548:10)
    at Module.load (node:internal/modules/cjs/loader:1288:32)
    at Module._load (node:internal/modules/cjs/loader:1104:12)
    at Module.require (node:internal/modules/cjs/loader:1311:19)
    at Hook._require.Module.require (/usr/local/nodejs/lib/node_modules/pm2/node_modules/require-in-the-middle/index.js:101:39)
    at require (node:internal/modules/helpers:179:18)
    at Object.<anonymous> (/home/devilish/Desktop/Hour Booster (Dashboard & Bot/src/discord-bot/index.js:11:22)
    at Module._compile (node:internal/modules/cjs/loader:1469:14)
[ ERR ] [2025-06-27 12:18:25 GMT+7] AssertionError [ERR_ASSERTION]: NODE_ENV is required
    at Object.<anonymous> (/home/devilish/Desktop/Hour Booster (Dashboard & Bot/src/environments.js:15:1)
    at Module._compile (node:internal/modules/cjs/loader:1469:14)
    at Module._extensions..js (node:internal/modules/cjs/loader:1548:10)
    at Module.load (node:internal/modules/cjs/loader:1288:32)
    at Module._load (node:internal/modules/cjs/loader:1104:12)
    at Module.require (node:internal/modules/cjs/loader:1311:19)
    at Hook._require.Module.require (/usr/local/nodejs/lib/node_modules/pm2/node_modules/require-in-the-middle/index.js:101:39)
    at require (node:internal/modules/helpers:179:18)
    at Object.<anonymous> (/home/devilish/Desktop/Hour Booster (Dashboard & Bot/src/discord-bot/index.js:11:22)
    at Module._compile (node:internal/modules/cjs/loader:1469:14)
[ ERR ] [2025-06-27 12:18:29 GMT+7] AssertionError [ERR_ASSERTION]: NODE_ENV is required
    at Object.<anonymous> (/home/devilish/Desktop/Hour Booster (Dashboard & Bot/src/environments.js:15:1)
    at Module._compile (node:internal/modules/cjs/loader:1469:14)
    at Module._extensions..js (node:internal/modules/cjs/loader:1548:10)
    at Module.load (node:internal/modules/cjs/loader:1288:32)
    at Module._load (node:internal/modules/cjs/loader:1104:12)
    at Module.require (node:internal/modules/cjs/loader:1311:19)
    at Hook._require.Module.require (/usr/local/nodejs/lib/node_modules/pm2/node_modules/require-in-the-middle/index.js:101:39)
    at require (node:internal/modules/helpers:179:18)
    at Object.<anonymous> (/home/devilish/Desktop/Hour Booster (Dashboard & Bot/src/discord-bot/index.js:11:22)
    at Module._compile (node:internal/modules/cjs/loader:1469:14)
[ ERR ] [2025-06-27 12:18:32 GMT+7] AssertionError [ERR_ASSERTION]: NODE_ENV is required
    at Object.<anonymous> (/home/devilish/Desktop/Hour Booster (Dashboard & Bot/src/environments.js:15:1)
    at Module._compile (node:internal/modules/cjs/loader:1469:14)
    at Module._extensions..js (node:internal/modules/cjs/loader:1548:10)
    at Module.load (node:internal/modules/cjs/loader:1288:32)
    at Module._load (node:internal/modules/cjs/loader:1104:12)
    at Module.require (node:internal/modules/cjs/loader:1311:19)
    at Hook._require.Module.require (/usr/local/nodejs/lib/node_modules/pm2/node_modules/require-in-the-middle/index.js:101:39)
    at require (node:internal/modules/helpers:179:18)
    at Object.<anonymous> (/home/devilish/Desktop/Hour Booster (Dashboard & Bot/src/discord-bot/index.js:11:22)
    at Module._compile (node:internal/modules/cjs/loader:1469:14)
[ ERR ] [2025-06-27 12:18:35 GMT+7] AssertionError [ERR_ASSERTION]: NODE_ENV is required
    at Object.<anonymous> (/home/devilish/Desktop/Hour Booster (Dashboard & Bot/src/environments.js:15:1)
    at Module._compile (node:internal/modules/cjs/loader:1469:14)
    at Module._extensions..js (node:internal/modules/cjs/loader:1548:10)
    at Module.load (node:internal/modules/cjs/loader:1288:32)
    at Module._load (node:internal/modules/cjs/loader:1104:12)
    at Module.require (node:internal/modules/cjs/loader:1311:19)
    at Hook._require.Module.require (/usr/local/nodejs/lib/node_modules/pm2/node_modules/require-in-the-middle/index.js:101:39)
    at require (node:internal/modules/helpers:179:18)
    at Object.<anonymous> (/home/devilish/Desktop/Hour Booster (Dashboard & Bot/src/discord-bot/index.js:11:22)
    at Module._compile (node:internal/modules/cjs/loader:1469:14)
[ ERR ] [2025-06-27 12:18:38 GMT+7] AssertionError [ERR_ASSERTION]: NODE_ENV is required
    at Object.<anonymous> (/home/devilish/Desktop/Hour Booster (Dashboard & Bot/src/environments.js:15:1)
    at Module._compile (node:internal/modules/cjs/loader:1469:14)
    at Module._extensions..js (node:internal/modules/cjs/loader:1548:10)
    at Module.load (node:internal/modules/cjs/loader:1288:32)
    at Module._load (node:internal/modules/cjs/loader:1104:12)
    at Module.require (node:internal/modules/cjs/loader:1311:19)
    at Hook._require.Module.require (/usr/local/nodejs/lib/node_modules/pm2/node_modules/require-in-the-middle/index.js:101:39)
    at require (node:internal/modules/helpers:179:18)
    at Object.<anonymous> (/home/devilish/Desktop/Hour Booster (Dashboard & Bot/src/discord-bot/index.js:11:22)
    at Module._compile (node:internal/modules/cjs/loader:1469:14)
[ ERR ] [2025-06-27 12:18:41 GMT+7] AssertionError [ERR_ASSERTION]: NODE_ENV is required
    at Object.<anonymous> (/home/devilish/Desktop/Hour Booster (Dashboard & Bot/src/environments.js:15:1)
    at Module._compile (node:internal/modules/cjs/loader:1469:14)
    at Module._extensions..js (node:internal/modules/cjs/loader:1548:10)
    at Module.load (node:internal/modules/cjs/loader:1288:32)
    at Module._load (node:internal/modules/cjs/loader:1104:12)
    at Module.require (node:internal/modules/cjs/loader:1311:19)
    at Hook._require.Module.require (/usr/local/nodejs/lib/node_modules/pm2/node_modules/require-in-the-middle/index.js:101:39)
    at require (node:internal/modules/helpers:179:18)
    at Object.<anonymous> (/home/devilish/Desktop/Hour Booster (Dashboard & Bot/src/discord-bot/index.js:11:22)
    at Module._compile (node:internal/modules/cjs/loader:1469:14)
[ ERR ] [2025-06-27 12:18:44 GMT+7] AssertionError [ERR_ASSERTION]: NODE_ENV is required
    at Object.<anonymous> (/home/devilish/Desktop/Hour Booster (Dashboard & Bot/src/environments.js:15:1)
    at Module._compile (node:internal/modules/cjs/loader:1469:14)
    at Module._extensions..js (node:internal/modules/cjs/loader:1548:10)
    at Module.load (node:internal/modules/cjs/loader:1288:32)
    at Module._load (node:internal/modules/cjs/loader:1104:12)
    at Module.require (node:internal/modules/cjs/loader:1311:19)
    at Hook._require.Module.require (/usr/local/nodejs/lib/node_modules/pm2/node_modules/require-in-the-middle/index.js:101:39)
    at require (node:internal/modules/helpers:179:18)
    at Object.<anonymous> (/home/devilish/Desktop/Hour Booster (Dashboard & Bot/src/discord-bot/index.js:11:22)
    at Module._compile (node:internal/modules/cjs/loader:1469:14)
[ ERR ] [2025-06-27 12:18:47 GMT+7] AssertionError [ERR_ASSERTION]: NODE_ENV is required
    at Object.<anonymous> (/home/devilish/Desktop/Hour Booster (Dashboard & Bot/src/environments.js:15:1)
    at Module._compile (node:internal/modules/cjs/loader:1469:14)
    at Module._extensions..js (node:internal/modules/cjs/loader:1548:10)
    at Module.load (node:internal/modules/cjs/loader:1288:32)
    at Module._load (node:internal/modules/cjs/loader:1104:12)
    at Module.require (node:internal/modules/cjs/loader:1311:19)
    at Hook._require.Module.require (/usr/local/nodejs/lib/node_modules/pm2/node_modules/require-in-the-middle/index.js:101:39)
    at require (node:internal/modules/helpers:179:18)
    at Object.<anonymous> (/home/devilish/Desktop/Hour Booster (Dashboard & Bot/src/discord-bot/index.js:11:22)
    at Module._compile (node:internal/modules/cjs/loader:1469:14)
[ ERR ] [2025-06-27 12:18:50 GMT+7] AssertionError [ERR_ASSERTION]: NODE_ENV is required
    at Object.<anonymous> (/home/devilish/Desktop/Hour Booster (Dashboard & Bot/src/environments.js:15:1)
    at Module._compile (node:internal/modules/cjs/loader:1469:14)
    at Module._extensions..js (node:internal/modules/cjs/loader:1548:10)
    at Module.load (node:internal/modules/cjs/loader:1288:32)
    at Module._load (node:internal/modules/cjs/loader:1104:12)
    at Module.require (node:internal/modules/cjs/loader:1311:19)
    at Hook._require.Module.require (/usr/local/nodejs/lib/node_modules/pm2/node_modules/require-in-the-middle/index.js:101:39)
    at require (node:internal/modules/helpers:179:18)
    at Object.<anonymous> (/home/devilish/Desktop/Hour Booster (Dashboard & Bot/src/discord-bot/index.js:11:22)
    at Module._compile (node:internal/modules/cjs/loader:1469:14)
[ ERR ] [2025-06-27 12:18:53 GMT+7] AssertionError [ERR_ASSERTION]: NODE_ENV is required
    at Object.<anonymous> (/home/devilish/Desktop/Hour Booster (Dashboard & Bot/src/environments.js:15:1)
    at Module._compile (node:internal/modules/cjs/loader:1469:14)
    at Module._extensions..js (node:internal/modules/cjs/loader:1548:10)
    at Module.load (node:internal/modules/cjs/loader:1288:32)
    at Module._load (node:internal/modules/cjs/loader:1104:12)
    at Module.require (node:internal/modules/cjs/loader:1311:19)
    at Hook._require.Module.require (/usr/local/nodejs/lib/node_modules/pm2/node_modules/require-in-the-middle/index.js:101:39)
    at require (node:internal/modules/helpers:179:18)
    at Object.<anonymous> (/home/devilish/Desktop/Hour Booster (Dashboard & Bot/src/discord-bot/index.js:11:22)
    at Module._compile (node:internal/modules/cjs/loader:1469:14)
[ ERR ] [2025-06-27 12:18:56 GMT+7] AssertionError [ERR_ASSERTION]: NODE_ENV is required
    at Object.<anonymous> (/home/devilish/Desktop/Hour Booster (Dashboard & Bot/src/environments.js:15:1)
    at Module._compile (node:internal/modules/cjs/loader:1469:14)
    at Module._extensions..js (node:internal/modules/cjs/loader:1548:10)
    at Module.load (node:internal/modules/cjs/loader:1288:32)
    at Module._load (node:internal/modules/cjs/loader:1104:12)
    at Module.require (node:internal/modules/cjs/loader:1311:19)
    at Hook._require.Module.require (/usr/local/nodejs/lib/node_modules/pm2/node_modules/require-in-the-middle/index.js:101:39)
    at require (node:internal/modules/helpers:179:18)
    at Object.<anonymous> (/home/devilish/Desktop/Hour Booster (Dashboard & Bot/src/discord-bot/index.js:11:22)
    at Module._compile (node:internal/modules/cjs/loader:1469:14)
[ ERR ] [2025-06-27 12:19:00 GMT+7] AssertionError [ERR_ASSERTION]: NODE_ENV is required
    at Object.<anonymous> (/home/devilish/Desktop/Hour Booster (Dashboard & Bot/src/environments.js:15:1)
    at Module._compile (node:internal/modules/cjs/loader:1469:14)
    at Module._extensions..js (node:internal/modules/cjs/loader:1548:10)
    at Module.load (node:internal/modules/cjs/loader:1288:32)
    at Module._load (node:internal/modules/cjs/loader:1104:12)
    at Module.require (node:internal/modules/cjs/loader:1311:19)
    at Hook._require.Module.require (/usr/local/nodejs/lib/node_modules/pm2/node_modules/require-in-the-middle/index.js:101:39)
    at require (node:internal/modules/helpers:179:18)
    at Object.<anonymous> (/home/devilish/Desktop/Hour Booster (Dashboard & Bot/src/discord-bot/index.js:11:22)
    at Module._compile (node:internal/modules/cjs/loader:1469:14)
[ ERR ] [2025-06-27 12:19:03 GMT+7] AssertionError [ERR_ASSERTION]: NODE_ENV is required
    at Object.<anonymous> (/home/devilish/Desktop/Hour Booster (Dashboard & Bot/src/environments.js:15:1)
    at Module._compile (node:internal/modules/cjs/loader:1469:14)
    at Module._extensions..js (node:internal/modules/cjs/loader:1548:10)
    at Module.load (node:internal/modules/cjs/loader:1288:32)
    at Module._load (node:internal/modules/cjs/loader:1104:12)
    at Module.require (node:internal/modules/cjs/loader:1311:19)
    at Hook._require.Module.require (/usr/local/nodejs/lib/node_modules/pm2/node_modules/require-in-the-middle/index.js:101:39)
    at require (node:internal/modules/helpers:179:18)
    at Object.<anonymous> (/home/devilish/Desktop/Hour Booster (Dashboard & Bot/src/discord-bot/index.js:11:22)
    at Module._compile (node:internal/modules/cjs/loader:1469:14)
[ ERR ] [2025-06-27 12:19:06 GMT+7] AssertionError [ERR_ASSERTION]: NODE_ENV is required
    at Object.<anonymous> (/home/devilish/Desktop/Hour Booster (Dashboard & Bot/src/environments.js:15:1)
    at Module._compile (node:internal/modules/cjs/loader:1469:14)
    at Module._extensions..js (node:internal/modules/cjs/loader:1548:10)
    at Module.load (node:internal/modules/cjs/loader:1288:32)
    at Module._load (node:internal/modules/cjs/loader:1104:12)
    at Module.require (node:internal/modules/cjs/loader:1311:19)
    at Hook._require.Module.require (/usr/local/nodejs/lib/node_modules/pm2/node_modules/require-in-the-middle/index.js:101:39)
    at require (node:internal/modules/helpers:179:18)
    at Object.<anonymous> (/home/devilish/Desktop/Hour Booster (Dashboard & Bot/src/discord-bot/index.js:11:22)
    at Module._compile (node:internal/modules/cjs/loader:1469:14)
[ ERR ] [2025-06-27 12:19:09 GMT+7] AssertionError [ERR_ASSERTION]: NODE_ENV is required
    at Object.<anonymous> (/home/devilish/Desktop/Hour Booster (Dashboard & Bot/src/environments.js:15:1)
    at Module._compile (node:internal/modules/cjs/loader:1469:14)
    at Module._extensions..js (node:internal/modules/cjs/loader:1548:10)
    at Module.load (node:internal/modules/cjs/loader:1288:32)
    at Module._load (node:internal/modules/cjs/loader:1104:12)
    at Module.require (node:internal/modules/cjs/loader:1311:19)
    at Hook._require.Module.require (/usr/local/nodejs/lib/node_modules/pm2/node_modules/require-in-the-middle/index.js:101:39)
    at require (node:internal/modules/helpers:179:18)
    at Object.<anonymous> (/home/devilish/Desktop/Hour Booster (Dashboard & Bot/src/discord-bot/index.js:11:22)
    at Module._compile (node:internal/modules/cjs/loader:1469:14)
[ ERR ] [2025-06-27 12:19:12 GMT+7] AssertionError [ERR_ASSERTION]: NODE_ENV is required
    at Object.<anonymous> (/home/devilish/Desktop/Hour Booster (Dashboard & Bot/src/environments.js:15:1)
    at Module._compile (node:internal/modules/cjs/loader:1469:14)
    at Module._extensions..js (node:internal/modules/cjs/loader:1548:10)
    at Module.load (node:internal/modules/cjs/loader:1288:32)
    at Module._load (node:internal/modules/cjs/loader:1104:12)
    at Module.require (node:internal/modules/cjs/loader:1311:19)
    at Hook._require.Module.require (/usr/local/nodejs/lib/node_modules/pm2/node_modules/require-in-the-middle/index.js:101:39)
    at require (node:internal/modules/helpers:179:18)
    at Object.<anonymous> (/home/devilish/Desktop/Hour Booster (Dashboard & Bot/src/discord-bot/index.js:11:22)
    at Module._compile (node:internal/modules/cjs/loader:1469:14)
[ ERR ] [2025-06-27 12:19:15 GMT+7] AssertionError [ERR_ASSERTION]: NODE_ENV is required
    at Object.<anonymous> (/home/devilish/Desktop/Hour Booster (Dashboard & Bot/src/environments.js:15:1)
    at Module._compile (node:internal/modules/cjs/loader:1469:14)
    at Module._extensions..js (node:internal/modules/cjs/loader:1548:10)
    at Module.load (node:internal/modules/cjs/loader:1288:32)
    at Module._load (node:internal/modules/cjs/loader:1104:12)
    at Module.require (node:internal/modules/cjs/loader:1311:19)
    at Hook._require.Module.require (/usr/local/nodejs/lib/node_modules/pm2/node_modules/require-in-the-middle/index.js:101:39)
    at require (node:internal/modules/helpers:179:18)
    at Object.<anonymous> (/home/devilish/Desktop/Hour Booster (Dashboard & Bot/src/discord-bot/index.js:11:22)
    at Module._compile (node:internal/modules/cjs/loader:1469:14)
[ ERR ] [2025-06-27 12:19:18 GMT+7] AssertionError [ERR_ASSERTION]: NODE_ENV is required
    at Object.<anonymous> (/home/devilish/Desktop/Hour Booster (Dashboard & Bot/src/environments.js:15:1)
    at Module._compile (node:internal/modules/cjs/loader:1469:14)
    at Module._extensions..js (node:internal/modules/cjs/loader:1548:10)
    at Module.load (node:internal/modules/cjs/loader:1288:32)
    at Module._load (node:internal/modules/cjs/loader:1104:12)
    at Module.require (node:internal/modules/cjs/loader:1311:19)
    at Hook._require.Module.require (/usr/local/nodejs/lib/node_modules/pm2/node_modules/require-in-the-middle/index.js:101:39)
    at require (node:internal/modules/helpers:179:18)
    at Object.<anonymous> (/home/devilish/Desktop/Hour Booster (Dashboard & Bot/src/discord-bot/index.js:11:22)
    at Module._compile (node:internal/modules/cjs/loader:1469:14)
[ ERR ] [2025-06-27 12:19:21 GMT+7] AssertionError [ERR_ASSERTION]: NODE_ENV is required
    at Object.<anonymous> (/home/devilish/Desktop/Hour Booster (Dashboard & Bot/src/environments.js:15:1)
    at Module._compile (node:internal/modules/cjs/loader:1469:14)
    at Module._extensions..js (node:internal/modules/cjs/loader:1548:10)
    at Module.load (node:internal/modules/cjs/loader:1288:32)
    at Module._load (node:internal/modules/cjs/loader:1104:12)
    at Module.require (node:internal/modules/cjs/loader:1311:19)
    at Hook._require.Module.require (/usr/local/nodejs/lib/node_modules/pm2/node_modules/require-in-the-middle/index.js:101:39)
    at require (node:internal/modules/helpers:179:18)
    at Object.<anonymous> (/home/devilish/Desktop/Hour Booster (Dashboard & Bot/src/discord-bot/index.js:11:22)
    at Module._compile (node:internal/modules/cjs/loader:1469:14)
[ ERR ] [2025-06-27 12:19:24 GMT+7] AssertionError [ERR_ASSERTION]: NODE_ENV is required
    at Object.<anonymous> (/home/devilish/Desktop/Hour Booster (Dashboard & Bot/src/environments.js:15:1)
    at Module._compile (node:internal/modules/cjs/loader:1469:14)
    at Module._extensions..js (node:internal/modules/cjs/loader:1548:10)
    at Module.load (node:internal/modules/cjs/loader:1288:32)
    at Module._load (node:internal/modules/cjs/loader:1104:12)
    at Module.require (node:internal/modules/cjs/loader:1311:19)
    at Hook._require.Module.require (/usr/local/nodejs/lib/node_modules/pm2/node_modules/require-in-the-middle/index.js:101:39)
    at require (node:internal/modules/helpers:179:18)
    at Object.<anonymous> (/home/devilish/Desktop/Hour Booster (Dashboard & Bot/src/discord-bot/index.js:11:22)
    at Module._compile (node:internal/modules/cjs/loader:1469:14)
[ ERR ] [2025-06-27 12:19:28 GMT+7] AssertionError [ERR_ASSERTION]: NODE_ENV is required
    at Object.<anonymous> (/home/devilish/Desktop/Hour Booster (Dashboard & Bot/src/environments.js:15:1)
    at Module._compile (node:internal/modules/cjs/loader:1469:14)
    at Module._extensions..js (node:internal/modules/cjs/loader:1548:10)
    at Module.load (node:internal/modules/cjs/loader:1288:32)
    at Module._load (node:internal/modules/cjs/loader:1104:12)
    at Module.require (node:internal/modules/cjs/loader:1311:19)
    at Hook._require.Module.require (/usr/local/nodejs/lib/node_modules/pm2/node_modules/require-in-the-middle/index.js:101:39)
    at require (node:internal/modules/helpers:179:18)
    at Object.<anonymous> (/home/devilish/Desktop/Hour Booster (Dashboard & Bot/src/discord-bot/index.js:11:22)
    at Module._compile (node:internal/modules/cjs/loader:1469:14)
[ ERR ] [2025-06-27 12:19:31 GMT+7] AssertionError [ERR_ASSERTION]: NODE_ENV is required
    at Object.<anonymous> (/home/devilish/Desktop/Hour Booster (Dashboard & Bot/src/environments.js:15:1)
    at Module._compile (node:internal/modules/cjs/loader:1469:14)
    at Module._extensions..js (node:internal/modules/cjs/loader:1548:10)
    at Module.load (node:internal/modules/cjs/loader:1288:32)
    at Module._load (node:internal/modules/cjs/loader:1104:12)
    at Module.require (node:internal/modules/cjs/loader:1311:19)
    at Hook._require.Module.require (/usr/local/nodejs/lib/node_modules/pm2/node_modules/require-in-the-middle/index.js:101:39)
    at require (node:internal/modules/helpers:179:18)
    at Object.<anonymous> (/home/devilish/Desktop/Hour Booster (Dashboard & Bot/src/discord-bot/index.js:11:22)
    at Module._compile (node:internal/modules/cjs/loader:1469:14)
[ ERR ] [2025-06-27 12:19:34 GMT+7] AssertionError [ERR_ASSERTION]: NODE_ENV is required
    at Object.<anonymous> (/home/devilish/Desktop/Hour Booster (Dashboard & Bot/src/environments.js:15:1)
    at Module._compile (node:internal/modules/cjs/loader:1469:14)
    at Module._extensions..js (node:internal/modules/cjs/loader:1548:10)
    at Module.load (node:internal/modules/cjs/loader:1288:32)
    at Module._load (node:internal/modules/cjs/loader:1104:12)
    at Module.require (node:internal/modules/cjs/loader:1311:19)
    at Hook._require.Module.require (/usr/local/nodejs/lib/node_modules/pm2/node_modules/require-in-the-middle/index.js:101:39)
    at require (node:internal/modules/helpers:179:18)
    at Object.<anonymous> (/home/devilish/Desktop/Hour Booster (Dashboard & Bot/src/discord-bot/index.js:11:22)
    at Module._compile (node:internal/modules/cjs/loader:1469:14)
[ ERR ] [2025-06-27 12:19:37 GMT+7] AssertionError [ERR_ASSERTION]: NODE_ENV is required
    at Object.<anonymous> (/home/devilish/Desktop/Hour Booster (Dashboard & Bot/src/environments.js:15:1)
    at Module._compile (node:internal/modules/cjs/loader:1469:14)
    at Module._extensions..js (node:internal/modules/cjs/loader:1548:10)
    at Module.load (node:internal/modules/cjs/loader:1288:32)
    at Module._load (node:internal/modules/cjs/loader:1104:12)
    at Module.require (node:internal/modules/cjs/loader:1311:19)
    at Hook._require.Module.require (/usr/local/nodejs/lib/node_modules/pm2/node_modules/require-in-the-middle/index.js:101:39)
    at require (node:internal/modules/helpers:179:18)
    at Object.<anonymous> (/home/devilish/Desktop/Hour Booster (Dashboard & Bot/src/discord-bot/index.js:11:22)
    at Module._compile (node:internal/modules/cjs/loader:1469:14)
[ ERR ] [2025-06-27 12:19:40 GMT+7] AssertionError [ERR_ASSERTION]: NODE_ENV is required
    at Object.<anonymous> (/home/devilish/Desktop/Hour Booster (Dashboard & Bot/src/environments.js:15:1)
    at Module._compile (node:internal/modules/cjs/loader:1469:14)
    at Module._extensions..js (node:internal/modules/cjs/loader:1548:10)
    at Module.load (node:internal/modules/cjs/loader:1288:32)
    at Module._load (node:internal/modules/cjs/loader:1104:12)
    at Module.require (node:internal/modules/cjs/loader:1311:19)
    at Hook._require.Module.require (/usr/local/nodejs/lib/node_modules/pm2/node_modules/require-in-the-middle/index.js:101:39)
    at require (node:internal/modules/helpers:179:18)
    at Object.<anonymous> (/home/devilish/Desktop/Hour Booster (Dashboard & Bot/src/discord-bot/index.js:11:22)
    at Module._compile (node:internal/modules/cjs/loader:1469:14)
[ ERR ] [2025-06-27 12:19:43 GMT+7] AssertionError [ERR_ASSERTION]: NODE_ENV is required
    at Object.<anonymous> (/home/devilish/Desktop/Hour Booster (Dashboard & Bot/src/environments.js:15:1)
    at Module._compile (node:internal/modules/cjs/loader:1469:14)
    at Module._extensions..js (node:internal/modules/cjs/loader:1548:10)
    at Module.load (node:internal/modules/cjs/loader:1288:32)
    at Module._load (node:internal/modules/cjs/loader:1104:12)
    at Module.require (node:internal/modules/cjs/loader:1311:19)
    at Hook._require.Module.require (/usr/local/nodejs/lib/node_modules/pm2/node_modules/require-in-the-middle/index.js:101:39)
    at require (node:internal/modules/helpers:179:18)
    at Object.<anonymous> (/home/devilish/Desktop/Hour Booster (Dashboard & Bot/src/discord-bot/index.js:11:22)
    at Module._compile (node:internal/modules/cjs/loader:1469:14)
[ ERR ] [2025-06-27 12:19:46 GMT+7] AssertionError [ERR_ASSERTION]: NODE_ENV is required
    at Object.<anonymous> (/home/devilish/Desktop/Hour Booster (Dashboard & Bot/src/environments.js:15:1)
    at Module._compile (node:internal/modules/cjs/loader:1469:14)
    at Module._extensions..js (node:internal/modules/cjs/loader:1548:10)
    at Module.load (node:internal/modules/cjs/loader:1288:32)
    at Module._load (node:internal/modules/cjs/loader:1104:12)
    at Module.require (node:internal/modules/cjs/loader:1311:19)
    at Hook._require.Module.require (/usr/local/nodejs/lib/node_modules/pm2/node_modules/require-in-the-middle/index.js:101:39)
    at require (node:internal/modules/helpers:179:18)
    at Object.<anonymous> (/home/devilish/Desktop/Hour Booster (Dashboard & Bot/src/discord-bot/index.js:11:22)
    at Module._compile (node:internal/modules/cjs/loader:1469:14)
[ ERR ] [2025-06-27 12:19:49 GMT+7] AssertionError [ERR_ASSERTION]: NODE_ENV is required
    at Object.<anonymous> (/home/devilish/Desktop/Hour Booster (Dashboard & Bot/src/environments.js:15:1)
    at Module._compile (node:internal/modules/cjs/loader:1469:14)
    at Module._extensions..js (node:internal/modules/cjs/loader:1548:10)
    at Module.load (node:internal/modules/cjs/loader:1288:32)
    at Module._load (node:internal/modules/cjs/loader:1104:12)
    at Module.require (node:internal/modules/cjs/loader:1311:19)
    at Hook._require.Module.require (/usr/local/nodejs/lib/node_modules/pm2/node_modules/require-in-the-middle/index.js:101:39)
    at require (node:internal/modules/helpers:179:18)
    at Object.<anonymous> (/home/devilish/Desktop/Hour Booster (Dashboard & Bot/src/discord-bot/index.js:11:22)
    at Module._compile (node:internal/modules/cjs/loader:1469:14)
[ ERR ] [2025-06-27 12:19:52 GMT+7] AssertionError [ERR_ASSERTION]: NODE_ENV is required
    at Object.<anonymous> (/home/devilish/Desktop/Hour Booster (Dashboard & Bot/src/environments.js:15:1)
    at Module._compile (node:internal/modules/cjs/loader:1469:14)
    at Module._extensions..js (node:internal/modules/cjs/loader:1548:10)
    at Module.load (node:internal/modules/cjs/loader:1288:32)
    at Module._load (node:internal/modules/cjs/loader:1104:12)
    at Module.require (node:internal/modules/cjs/loader:1311:19)
    at Hook._require.Module.require (/usr/local/nodejs/lib/node_modules/pm2/node_modules/require-in-the-middle/index.js:101:39)
    at require (node:internal/modules/helpers:179:18)
    at Object.<anonymous> (/home/devilish/Desktop/Hour Booster (Dashboard & Bot/src/discord-bot/index.js:11:22)
    at Module._compile (node:internal/modules/cjs/loader:1469:14)
[ ERR ] [2025-06-27 12:19:55 GMT+7] AssertionError [ERR_ASSERTION]: NODE_ENV is required
    at Object.<anonymous> (/home/devilish/Desktop/Hour Booster (Dashboard & Bot/src/environments.js:15:1)
    at Module._compile (node:internal/modules/cjs/loader:1469:14)
    at Module._extensions..js (node:internal/modules/cjs/loader:1548:10)
    at Module.load (node:internal/modules/cjs/loader:1288:32)
    at Module._load (node:internal/modules/cjs/loader:1104:12)
    at Module.require (node:internal/modules/cjs/loader:1311:19)
    at Hook._require.Module.require (/usr/local/nodejs/lib/node_modules/pm2/node_modules/require-in-the-middle/index.js:101:39)
    at require (node:internal/modules/helpers:179:18)
    at Object.<anonymous> (/home/devilish/Desktop/Hour Booster (Dashboard & Bot/src/discord-bot/index.js:11:22)
    at Module._compile (node:internal/modules/cjs/loader:1469:14)
[ ERR ] [2025-06-27 12:19:59 GMT+7] AssertionError [ERR_ASSERTION]: NODE_ENV is required
    at Object.<anonymous> (/home/devilish/Desktop/Hour Booster (Dashboard & Bot/src/environments.js:15:1)
    at Module._compile (node:internal/modules/cjs/loader:1469:14)
    at Module._extensions..js (node:internal/modules/cjs/loader:1548:10)
    at Module.load (node:internal/modules/cjs/loader:1288:32)
    at Module._load (node:internal/modules/cjs/loader:1104:12)
    at Module.require (node:internal/modules/cjs/loader:1311:19)
    at Hook._require.Module.require (/usr/local/nodejs/lib/node_modules/pm2/node_modules/require-in-the-middle/index.js:101:39)
    at require (node:internal/modules/helpers:179:18)
    at Object.<anonymous> (/home/devilish/Desktop/Hour Booster (Dashboard & Bot/src/discord-bot/index.js:11:22)
    at Module._compile (node:internal/modules/cjs/loader:1469:14)
[ ERR ] [2025-06-27 12:20:02 GMT+7] AssertionError [ERR_ASSERTION]: NODE_ENV is required
    at Object.<anonymous> (/home/devilish/Desktop/Hour Booster (Dashboard & Bot/src/environments.js:15:1)
    at Module._compile (node:internal/modules/cjs/loader:1469:14)
    at Module._extensions..js (node:internal/modules/cjs/loader:1548:10)
    at Module.load (node:internal/modules/cjs/loader:1288:32)
    at Module._load (node:internal/modules/cjs/loader:1104:12)
    at Module.require (node:internal/modules/cjs/loader:1311:19)
    at Hook._require.Module.require (/usr/local/nodejs/lib/node_modules/pm2/node_modules/require-in-the-middle/index.js:101:39)
    at require (node:internal/modules/helpers:179:18)
    at Object.<anonymous> (/home/devilish/Desktop/Hour Booster (Dashboard & Bot/src/discord-bot/index.js:11:22)
    at Module._compile (node:internal/modules/cjs/loader:1469:14)
[ ERR ] [2025-06-27 12:20:05 GMT+7] AssertionError [ERR_ASSERTION]: NODE_ENV is required
    at Object.<anonymous> (/home/devilish/Desktop/Hour Booster (Dashboard & Bot/src/environments.js:15:1)
    at Module._compile (node:internal/modules/cjs/loader:1469:14)
    at Module._extensions..js (node:internal/modules/cjs/loader:1548:10)
    at Module.load (node:internal/modules/cjs/loader:1288:32)
    at Module._load (node:internal/modules/cjs/loader:1104:12)
    at Module.require (node:internal/modules/cjs/loader:1311:19)
    at Hook._require.Module.require (/usr/local/nodejs/lib/node_modules/pm2/node_modules/require-in-the-middle/index.js:101:39)
    at require (node:internal/modules/helpers:179:18)
    at Object.<anonymous> (/home/devilish/Desktop/Hour Booster (Dashboard & Bot/src/discord-bot/index.js:11:22)
    at Module._compile (node:internal/modules/cjs/loader:1469:14)
[ ERR ] [2025-06-27 12:20:08 GMT+7] AssertionError [ERR_ASSERTION]: NODE_ENV is required
    at Object.<anonymous> (/home/devilish/Desktop/Hour Booster (Dashboard & Bot/src/environments.js:15:1)
    at Module._compile (node:internal/modules/cjs/loader:1469:14)
    at Module._extensions..js (node:internal/modules/cjs/loader:1548:10)
    at Module.load (node:internal/modules/cjs/loader:1288:32)
    at Module._load (node:internal/modules/cjs/loader:1104:12)
    at Module.require (node:internal/modules/cjs/loader:1311:19)
    at Hook._require.Module.require (/usr/local/nodejs/lib/node_modules/pm2/node_modules/require-in-the-middle/index.js:101:39)
    at require (node:internal/modules/helpers:179:18)
    at Object.<anonymous> (/home/devilish/Desktop/Hour Booster (Dashboard & Bot/src/discord-bot/index.js:11:22)
    at Module._compile (node:internal/modules/cjs/loader:1469:14)
[ ERR ] [2025-06-27 12:20:11 GMT+7] AssertionError [ERR_ASSERTION]: NODE_ENV is required
    at Object.<anonymous> (/home/devilish/Desktop/Hour Booster (Dashboard & Bot/src/environments.js:15:1)
    at Module._compile (node:internal/modules/cjs/loader:1469:14)
    at Module._extensions..js (node:internal/modules/cjs/loader:1548:10)
    at Module.load (node:internal/modules/cjs/loader:1288:32)
    at Module._load (node:internal/modules/cjs/loader:1104:12)
    at Module.require (node:internal/modules/cjs/loader:1311:19)
    at Hook._require.Module.require (/usr/local/nodejs/lib/node_modules/pm2/node_modules/require-in-the-middle/index.js:101:39)
    at require (node:internal/modules/helpers:179:18)
    at Object.<anonymous> (/home/devilish/Desktop/Hour Booster (Dashboard & Bot/src/discord-bot/index.js:11:22)
    at Module._compile (node:internal/modules/cjs/loader:1469:14)
[ ERR ] [2025-06-27 12:20:14 GMT+7] AssertionError [ERR_ASSERTION]: NODE_ENV is required
    at Object.<anonymous> (/home/devilish/Desktop/Hour Booster (Dashboard & Bot/src/environments.js:15:1)
    at Module._compile (node:internal/modules/cjs/loader:1469:14)
    at Module._extensions..js (node:internal/modules/cjs/loader:1548:10)
    at Module.load (node:internal/modules/cjs/loader:1288:32)
    at Module._load (node:internal/modules/cjs/loader:1104:12)
    at Module.require (node:internal/modules/cjs/loader:1311:19)
    at Hook._require.Module.require (/usr/local/nodejs/lib/node_modules/pm2/node_modules/require-in-the-middle/index.js:101:39)
    at require (node:internal/modules/helpers:179:18)
    at Object.<anonymous> (/home/devilish/Desktop/Hour Booster (Dashboard & Bot/src/discord-bot/index.js:11:22)
    at Module._compile (node:internal/modules/cjs/loader:1469:14)
[ ERR ] [2025-06-27 12:20:17 GMT+7] AssertionError [ERR_ASSERTION]: NODE_ENV is required
    at Object.<anonymous> (/home/devilish/Desktop/Hour Booster (Dashboard & Bot/src/environments.js:15:1)
    at Module._compile (node:internal/modules/cjs/loader:1469:14)
    at Module._extensions..js (node:internal/modules/cjs/loader:1548:10)
    at Module.load (node:internal/modules/cjs/loader:1288:32)
    at Module._load (node:internal/modules/cjs/loader:1104:12)
    at Module.require (node:internal/modules/cjs/loader:1311:19)
    at Hook._require.Module.require (/usr/local/nodejs/lib/node_modules/pm2/node_modules/require-in-the-middle/index.js:101:39)
    at require (node:internal/modules/helpers:179:18)
    at Object.<anonymous> (/home/devilish/Desktop/Hour Booster (Dashboard & Bot/src/discord-bot/index.js:11:22)
    at Module._compile (node:internal/modules/cjs/loader:1469:14)
[ ERR ] [2025-06-27 12:20:20 GMT+7] AssertionError [ERR_ASSERTION]: NODE_ENV is required
    at Object.<anonymous> (/home/devilish/Desktop/Hour Booster (Dashboard & Bot/src/environments.js:15:1)
    at Module._compile (node:internal/modules/cjs/loader:1469:14)
    at Module._extensions..js (node:internal/modules/cjs/loader:1548:10)
    at Module.load (node:internal/modules/cjs/loader:1288:32)
    at Module._load (node:internal/modules/cjs/loader:1104:12)
    at Module.require (node:internal/modules/cjs/loader:1311:19)
    at Hook._require.Module.require (/usr/local/nodejs/lib/node_modules/pm2/node_modules/require-in-the-middle/index.js:101:39)
    at require (node:internal/modules/helpers:179:18)
    at Object.<anonymous> (/home/devilish/Desktop/Hour Booster (Dashboard & Bot/src/discord-bot/index.js:11:22)
    at Module._compile (node:internal/modules/cjs/loader:1469:14)
[ ERR ] [2025-06-27 12:20:23 GMT+7] AssertionError [ERR_ASSERTION]: NODE_ENV is required
    at Object.<anonymous> (/home/devilish/Desktop/Hour Booster (Dashboard & Bot/src/environments.js:15:1)
    at Module._compile (node:internal/modules/cjs/loader:1469:14)
    at Module._extensions..js (node:internal/modules/cjs/loader:1548:10)
    at Module.load (node:internal/modules/cjs/loader:1288:32)
    at Module._load (node:internal/modules/cjs/loader:1104:12)
    at Module.require (node:internal/modules/cjs/loader:1311:19)
    at Hook._require.Module.require (/usr/local/nodejs/lib/node_modules/pm2/node_modules/require-in-the-middle/index.js:101:39)
    at require (node:internal/modules/helpers:179:18)
    at Object.<anonymous> (/home/devilish/Desktop/Hour Booster (Dashboard & Bot/src/discord-bot/index.js:11:22)
    at Module._compile (node:internal/modules/cjs/loader:1469:14)
[ ERR ] [2025-06-27 12:20:27 GMT+7] AssertionError [ERR_ASSERTION]: NODE_ENV is required
    at Object.<anonymous> (/home/devilish/Desktop/Hour Booster (Dashboard & Bot/src/environments.js:15:1)
    at Module._compile (node:internal/modules/cjs/loader:1469:14)
    at Module._extensions..js (node:internal/modules/cjs/loader:1548:10)
    at Module.load (node:internal/modules/cjs/loader:1288:32)
    at Module._load (node:internal/modules/cjs/loader:1104:12)
    at Module.require (node:internal/modules/cjs/loader:1311:19)
    at Hook._require.Module.require (/usr/local/nodejs/lib/node_modules/pm2/node_modules/require-in-the-middle/index.js:101:39)
    at require (node:internal/modules/helpers:179:18)
    at Object.<anonymous> (/home/devilish/Desktop/Hour Booster (Dashboard & Bot/src/discord-bot/index.js:11:22)
    at Module._compile (node:internal/modules/cjs/loader:1469:14)
[ ERR ] [2025-06-27 12:20:30 GMT+7] AssertionError [ERR_ASSERTION]: NODE_ENV is required
    at Object.<anonymous> (/home/devilish/Desktop/Hour Booster (Dashboard & Bot/src/environments.js:15:1)
    at Module._compile (node:internal/modules/cjs/loader:1469:14)
    at Module._extensions..js (node:internal/modules/cjs/loader:1548:10)
    at Module.load (node:internal/modules/cjs/loader:1288:32)
    at Module._load (node:internal/modules/cjs/loader:1104:12)
    at Module.require (node:internal/modules/cjs/loader:1311:19)
    at Hook._require.Module.require (/usr/local/nodejs/lib/node_modules/pm2/node_modules/require-in-the-middle/index.js:101:39)
    at require (node:internal/modules/helpers:179:18)
    at Object.<anonymous> (/home/devilish/Desktop/Hour Booster (Dashboard & Bot/src/discord-bot/index.js:11:22)
    at Module._compile (node:internal/modules/cjs/loader:1469:14)
[ ERR ] [2025-06-27 12:20:33 GMT+7] AssertionError [ERR_ASSERTION]: NODE_ENV is required
    at Object.<anonymous> (/home/devilish/Desktop/Hour Booster (Dashboard & Bot/src/environments.js:15:1)
    at Module._compile (node:internal/modules/cjs/loader:1469:14)
    at Module._extensions..js (node:internal/modules/cjs/loader:1548:10)
    at Module.load (node:internal/modules/cjs/loader:1288:32)
    at Module._load (node:internal/modules/cjs/loader:1104:12)
    at Module.require (node:internal/modules/cjs/loader:1311:19)
    at Hook._require.Module.require (/usr/local/nodejs/lib/node_modules/pm2/node_modules/require-in-the-middle/index.js:101:39)
    at require (node:internal/modules/helpers:179:18)
    at Object.<anonymous> (/home/devilish/Desktop/Hour Booster (Dashboard & Bot/src/discord-bot/index.js:11:22)
    at Module._compile (node:internal/modules/cjs/loader:1469:14)
[ ERR ] [2025-06-27 12:20:36 GMT+7] AssertionError [ERR_ASSERTION]: NODE_ENV is required
    at Object.<anonymous> (/home/devilish/Desktop/Hour Booster (Dashboard & Bot/src/environments.js:15:1)
    at Module._compile (node:internal/modules/cjs/loader:1469:14)
    at Module._extensions..js (node:internal/modules/cjs/loader:1548:10)
    at Module.load (node:internal/modules/cjs/loader:1288:32)
    at Module._load (node:internal/modules/cjs/loader:1104:12)
    at Module.require (node:internal/modules/cjs/loader:1311:19)
    at Hook._require.Module.require (/usr/local/nodejs/lib/node_modules/pm2/node_modules/require-in-the-middle/index.js:101:39)
    at require (node:internal/modules/helpers:179:18)
    at Object.<anonymous> (/home/devilish/Desktop/Hour Booster (Dashboard & Bot/src/discord-bot/index.js:11:22)
    at Module._compile (node:internal/modules/cjs/loader:1469:14)
[ ERR ] [2025-06-27 12:20:39 GMT+7] AssertionError [ERR_ASSERTION]: NODE_ENV is required
    at Object.<anonymous> (/home/devilish/Desktop/Hour Booster (Dashboard & Bot/src/environments.js:15:1)
    at Module._compile (node:internal/modules/cjs/loader:1469:14)
    at Module._extensions..js (node:internal/modules/cjs/loader:1548:10)
    at Module.load (node:internal/modules/cjs/loader:1288:32)
    at Module._load (node:internal/modules/cjs/loader:1104:12)
    at Module.require (node:internal/modules/cjs/loader:1311:19)
    at Hook._require.Module.require (/usr/local/nodejs/lib/node_modules/pm2/node_modules/require-in-the-middle/index.js:101:39)
    at require (node:internal/modules/helpers:179:18)
    at Object.<anonymous> (/home/devilish/Desktop/Hour Booster (Dashboard & Bot/src/discord-bot/index.js:11:22)
    at Module._compile (node:internal/modules/cjs/loader:1469:14)
[ ERR ] [2025-06-27 12:20:42 GMT+7] AssertionError [ERR_ASSERTION]: NODE_ENV is required
    at Object.<anonymous> (/home/devilish/Desktop/Hour Booster (Dashboard & Bot/src/environments.js:15:1)
    at Module._compile (node:internal/modules/cjs/loader:1469:14)
    at Module._extensions..js (node:internal/modules/cjs/loader:1548:10)
    at Module.load (node:internal/modules/cjs/loader:1288:32)
    at Module._load (node:internal/modules/cjs/loader:1104:12)
    at Module.require (node:internal/modules/cjs/loader:1311:19)
    at Hook._require.Module.require (/usr/local/nodejs/lib/node_modules/pm2/node_modules/require-in-the-middle/index.js:101:39)
    at require (node:internal/modules/helpers:179:18)
    at Object.<anonymous> (/home/devilish/Desktop/Hour Booster (Dashboard & Bot/src/discord-bot/index.js:11:22)
    at Module._compile (node:internal/modules/cjs/loader:1469:14)
[ ERR ] [2025-06-27 12:20:45 GMT+7] AssertionError [ERR_ASSERTION]: NODE_ENV is required
    at Object.<anonymous> (/home/devilish/Desktop/Hour Booster (Dashboard & Bot/src/environments.js:15:1)
    at Module._compile (node:internal/modules/cjs/loader:1469:14)
    at Module._extensions..js (node:internal/modules/cjs/loader:1548:10)
    at Module.load (node:internal/modules/cjs/loader:1288:32)
    at Module._load (node:internal/modules/cjs/loader:1104:12)
    at Module.require (node:internal/modules/cjs/loader:1311:19)
    at Hook._require.Module.require (/usr/local/nodejs/lib/node_modules/pm2/node_modules/require-in-the-middle/index.js:101:39)
    at require (node:internal/modules/helpers:179:18)
    at Object.<anonymous> (/home/devilish/Desktop/Hour Booster (Dashboard & Bot/src/discord-bot/index.js:11:22)
    at Module._compile (node:internal/modules/cjs/loader:1469:14)
[ ERR ] [2025-06-27 12:20:48 GMT+7] AssertionError [ERR_ASSERTION]: NODE_ENV is required
    at Object.<anonymous> (/home/devilish/Desktop/Hour Booster (Dashboard & Bot/src/environments.js:15:1)
    at Module._compile (node:internal/modules/cjs/loader:1469:14)
    at Module._extensions..js (node:internal/modules/cjs/loader:1548:10)
    at Module.load (node:internal/modules/cjs/loader:1288:32)
    at Module._load (node:internal/modules/cjs/loader:1104:12)
    at Module.require (node:internal/modules/cjs/loader:1311:19)
    at Hook._require.Module.require (/usr/local/nodejs/lib/node_modules/pm2/node_modules/require-in-the-middle/index.js:101:39)
    at require (node:internal/modules/helpers:179:18)
    at Object.<anonymous> (/home/devilish/Desktop/Hour Booster (Dashboard & Bot/src/discord-bot/index.js:11:22)
    at Module._compile (node:internal/modules/cjs/loader:1469:14)
[ ERR ] [2025-06-27 12:20:51 GMT+7] AssertionError [ERR_ASSERTION]: NODE_ENV is required
    at Object.<anonymous> (/home/devilish/Desktop/Hour Booster (Dashboard & Bot/src/environments.js:15:1)
    at Module._compile (node:internal/modules/cjs/loader:1469:14)
    at Module._extensions..js (node:internal/modules/cjs/loader:1548:10)
    at Module.load (node:internal/modules/cjs/loader:1288:32)
    at Module._load (node:internal/modules/cjs/loader:1104:12)
    at Module.require (node:internal/modules/cjs/loader:1311:19)
    at Hook._require.Module.require (/usr/local/nodejs/lib/node_modules/pm2/node_modules/require-in-the-middle/index.js:101:39)
    at require (node:internal/modules/helpers:179:18)
    at Object.<anonymous> (/home/devilish/Desktop/Hour Booster (Dashboard & Bot/src/discord-bot/index.js:11:22)
    at Module._compile (node:internal/modules/cjs/loader:1469:14)
[ ERR ] [2025-06-27 12:20:55 GMT+7] AssertionError [ERR_ASSERTION]: NODE_ENV is required
    at Object.<anonymous> (/home/devilish/Desktop/Hour Booster (Dashboard & Bot/src/environments.js:15:1)
    at Module._compile (node:internal/modules/cjs/loader:1469:14)
    at Module._extensions..js (node:internal/modules/cjs/loader:1548:10)
    at Module.load (node:internal/modules/cjs/loader:1288:32)
    at Module._load (node:internal/modules/cjs/loader:1104:12)
    at Module.require (node:internal/modules/cjs/loader:1311:19)
    at Hook._require.Module.require (/usr/local/nodejs/lib/node_modules/pm2/node_modules/require-in-the-middle/index.js:101:39)
    at require (node:internal/modules/helpers:179:18)
    at Object.<anonymous> (/home/devilish/Desktop/Hour Booster (Dashboard & Bot/src/discord-bot/index.js:11:22)
    at Module._compile (node:internal/modules/cjs/loader:1469:14)
[ ERR ] [2025-06-27 12:20:58 GMT+7] AssertionError [ERR_ASSERTION]: NODE_ENV is required
    at Object.<anonymous> (/home/devilish/Desktop/Hour Booster (Dashboard & Bot/src/environments.js:15:1)
    at Module._compile (node:internal/modules/cjs/loader:1469:14)
    at Module._extensions..js (node:internal/modules/cjs/loader:1548:10)
    at Module.load (node:internal/modules/cjs/loader:1288:32)
    at Module._load (node:internal/modules/cjs/loader:1104:12)
    at Module.require (node:internal/modules/cjs/loader:1311:19)
    at Hook._require.Module.require (/usr/local/nodejs/lib/node_modules/pm2/node_modules/require-in-the-middle/index.js:101:39)
    at require (node:internal/modules/helpers:179:18)
    at Object.<anonymous> (/home/devilish/Desktop/Hour Booster (Dashboard & Bot/src/discord-bot/index.js:11:22)
    at Module._compile (node:internal/modules/cjs/loader:1469:14)
[ ERR ] [2025-06-27 12:21:01 GMT+7] AssertionError [ERR_ASSERTION]: NODE_ENV is required
    at Object.<anonymous> (/home/devilish/Desktop/Hour Booster (Dashboard & Bot/src/environments.js:15:1)
    at Module._compile (node:internal/modules/cjs/loader:1469:14)
    at Module._extensions..js (node:internal/modules/cjs/loader:1548:10)
    at Module.load (node:internal/modules/cjs/loader:1288:32)
    at Module._load (node:internal/modules/cjs/loader:1104:12)
    at Module.require (node:internal/modules/cjs/loader:1311:19)
    at Hook._require.Module.require (/usr/local/nodejs/lib/node_modules/pm2/node_modules/require-in-the-middle/index.js:101:39)
    at require (node:internal/modules/helpers:179:18)
    at Object.<anonymous> (/home/devilish/Desktop/Hour Booster (Dashboard & Bot/src/discord-bot/index.js:11:22)
    at Module._compile (node:internal/modules/cjs/loader:1469:14)
[ ERR ] [2025-06-27 12:21:04 GMT+7] AssertionError [ERR_ASSERTION]: NODE_ENV is required
    at Object.<anonymous> (/home/devilish/Desktop/Hour Booster (Dashboard & Bot/src/environments.js:15:1)
    at Module._compile (node:internal/modules/cjs/loader:1469:14)
    at Module._extensions..js (node:internal/modules/cjs/loader:1548:10)
    at Module.load (node:internal/modules/cjs/loader:1288:32)
    at Module._load (node:internal/modules/cjs/loader:1104:12)
    at Module.require (node:internal/modules/cjs/loader:1311:19)
    at Hook._require.Module.require (/usr/local/nodejs/lib/node_modules/pm2/node_modules/require-in-the-middle/index.js:101:39)
    at require (node:internal/modules/helpers:179:18)
    at Object.<anonymous> (/home/devilish/Desktop/Hour Booster (Dashboard & Bot/src/discord-bot/index.js:11:22)
    at Module._compile (node:internal/modules/cjs/loader:1469:14)
[ ERR ] [2025-06-27 12:21:07 GMT+7] AssertionError [ERR_ASSERTION]: NODE_ENV is required
    at Object.<anonymous> (/home/devilish/Desktop/Hour Booster (Dashboard & Bot/src/environments.js:15:1)
    at Module._compile (node:internal/modules/cjs/loader:1469:14)
    at Module._extensions..js (node:internal/modules/cjs/loader:1548:10)
    at Module.load (node:internal/modules/cjs/loader:1288:32)
    at Module._load (node:internal/modules/cjs/loader:1104:12)
    at Module.require (node:internal/modules/cjs/loader:1311:19)
    at Hook._require.Module.require (/usr/local/nodejs/lib/node_modules/pm2/node_modules/require-in-the-middle/index.js:101:39)
    at require (node:internal/modules/helpers:179:18)
    at Object.<anonymous> (/home/devilish/Desktop/Hour Booster (Dashboard & Bot/src/discord-bot/index.js:11:22)
    at Module._compile (node:internal/modules/cjs/loader:1469:14)
[ ERR ] [2025-06-27 12:21:10 GMT+7] AssertionError [ERR_ASSERTION]: NODE_ENV is required
    at Object.<anonymous> (/home/devilish/Desktop/Hour Booster (Dashboard & Bot/src/environments.js:15:1)
    at Module._compile (node:internal/modules/cjs/loader:1469:14)
    at Module._extensions..js (node:internal/modules/cjs/loader:1548:10)
    at Module.load (node:internal/modules/cjs/loader:1288:32)
    at Module._load (node:internal/modules/cjs/loader:1104:12)
    at Module.require (node:internal/modules/cjs/loader:1311:19)
    at Hook._require.Module.require (/usr/local/nodejs/lib/node_modules/pm2/node_modules/require-in-the-middle/index.js:101:39)
    at require (node:internal/modules/helpers:179:18)
    at Object.<anonymous> (/home/devilish/Desktop/Hour Booster (Dashboard & Bot/src/discord-bot/index.js:11:22)
    at Module._compile (node:internal/modules/cjs/loader:1469:14)
[ ERR ] [2025-06-27 12:21:13 GMT+7] AssertionError [ERR_ASSERTION]: NODE_ENV is required
    at Object.<anonymous> (/home/devilish/Desktop/Hour Booster (Dashboard & Bot/src/environments.js:15:1)
    at Module._compile (node:internal/modules/cjs/loader:1469:14)
    at Module._extensions..js (node:internal/modules/cjs/loader:1548:10)
    at Module.load (node:internal/modules/cjs/loader:1288:32)
    at Module._load (node:internal/modules/cjs/loader:1104:12)
    at Module.require (node:internal/modules/cjs/loader:1311:19)
    at Hook._require.Module.require (/usr/local/nodejs/lib/node_modules/pm2/node_modules/require-in-the-middle/index.js:101:39)
    at require (node:internal/modules/helpers:179:18)
    at Object.<anonymous> (/home/devilish/Desktop/Hour Booster (Dashboard & Bot/src/discord-bot/index.js:11:22)
    at Module._compile (node:internal/modules/cjs/loader:1469:14)
[ ERR ] [2025-06-27 12:21:16 GMT+7] AssertionError [ERR_ASSERTION]: NODE_ENV is required
    at Object.<anonymous> (/home/devilish/Desktop/Hour Booster (Dashboard & Bot/src/environments.js:15:1)
    at Module._compile (node:internal/modules/cjs/loader:1469:14)
    at Module._extensions..js (node:internal/modules/cjs/loader:1548:10)
    at Module.load (node:internal/modules/cjs/loader:1288:32)
    at Module._load (node:internal/modules/cjs/loader:1104:12)
    at Module.require (node:internal/modules/cjs/loader:1311:19)
    at Hook._require.Module.require (/usr/local/nodejs/lib/node_modules/pm2/node_modules/require-in-the-middle/index.js:101:39)
    at require (node:internal/modules/helpers:179:18)
    at Object.<anonymous> (/home/devilish/Desktop/Hour Booster (Dashboard & Bot/src/discord-bot/index.js:11:22)
    at Module._compile (node:internal/modules/cjs/loader:1469:14)
[ ERR ] [2025-06-27 12:21:19 GMT+7] AssertionError [ERR_ASSERTION]: NODE_ENV is required
    at Object.<anonymous> (/home/devilish/Desktop/Hour Booster (Dashboard & Bot/src/environments.js:15:1)
    at Module._compile (node:internal/modules/cjs/loader:1469:14)
    at Module._extensions..js (node:internal/modules/cjs/loader:1548:10)
    at Module.load (node:internal/modules/cjs/loader:1288:32)
    at Module._load (node:internal/modules/cjs/loader:1104:12)
    at Module.require (node:internal/modules/cjs/loader:1311:19)
    at Hook._require.Module.require (/usr/local/nodejs/lib/node_modules/pm2/node_modules/require-in-the-middle/index.js:101:39)
    at require (node:internal/modules/helpers:179:18)
    at Object.<anonymous> (/home/devilish/Desktop/Hour Booster (Dashboard & Bot/src/discord-bot/index.js:11:22)
    at Module._compile (node:internal/modules/cjs/loader:1469:14)
[ ERR ] [2025-06-27 12:21:22 GMT+7] AssertionError [ERR_ASSERTION]: NODE_ENV is required
    at Object.<anonymous> (/home/devilish/Desktop/Hour Booster (Dashboard & Bot/src/environments.js:15:1)
    at Module._compile (node:internal/modules/cjs/loader:1469:14)
    at Module._extensions..js (node:internal/modules/cjs/loader:1548:10)
    at Module.load (node:internal/modules/cjs/loader:1288:32)
    at Module._load (node:internal/modules/cjs/loader:1104:12)
    at Module.require (node:internal/modules/cjs/loader:1311:19)
    at Hook._require.Module.require (/usr/local/nodejs/lib/node_modules/pm2/node_modules/require-in-the-middle/index.js:101:39)
    at require (node:internal/modules/helpers:179:18)
    at Object.<anonymous> (/home/devilish/Desktop/Hour Booster (Dashboard & Bot/src/discord-bot/index.js:11:22)
    at Module._compile (node:internal/modules/cjs/loader:1469:14)
[ ERR ] [2025-06-27 12:21:26 GMT+7] AssertionError [ERR_ASSERTION]: NODE_ENV is required
    at Object.<anonymous> (/home/devilish/Desktop/Hour Booster (Dashboard & Bot/src/environments.js:15:1)
    at Module._compile (node:internal/modules/cjs/loader:1469:14)
    at Module._extensions..js (node:internal/modules/cjs/loader:1548:10)
    at Module.load (node:internal/modules/cjs/loader:1288:32)
    at Module._load (node:internal/modules/cjs/loader:1104:12)
    at Module.require (node:internal/modules/cjs/loader:1311:19)
    at Hook._require.Module.require (/usr/local/nodejs/lib/node_modules/pm2/node_modules/require-in-the-middle/index.js:101:39)
    at require (node:internal/modules/helpers:179:18)
    at Object.<anonymous> (/home/devilish/Desktop/Hour Booster (Dashboard & Bot/src/discord-bot/index.js:11:22)
    at Module._compile (node:internal/modules/cjs/loader:1469:14)
[ ERR ] [2025-06-27 12:21:29 GMT+7] AssertionError [ERR_ASSERTION]: NODE_ENV is required
    at Object.<anonymous> (/home/devilish/Desktop/Hour Booster (Dashboard & Bot/src/environments.js:15:1)
    at Module._compile (node:internal/modules/cjs/loader:1469:14)
    at Module._extensions..js (node:internal/modules/cjs/loader:1548:10)
    at Module.load (node:internal/modules/cjs/loader:1288:32)
    at Module._load (node:internal/modules/cjs/loader:1104:12)
    at Module.require (node:internal/modules/cjs/loader:1311:19)
    at Hook._require.Module.require (/usr/local/nodejs/lib/node_modules/pm2/node_modules/require-in-the-middle/index.js:101:39)
    at require (node:internal/modules/helpers:179:18)
    at Object.<anonymous> (/home/devilish/Desktop/Hour Booster (Dashboard & Bot/src/discord-bot/index.js:11:22)
    at Module._compile (node:internal/modules/cjs/loader:1469:14)
[ ERR ] [2025-06-27 12:21:32 GMT+7] AssertionError [ERR_ASSERTION]: NODE_ENV is required
    at Object.<anonymous> (/home/devilish/Desktop/Hour Booster (Dashboard & Bot/src/environments.js:15:1)
    at Module._compile (node:internal/modules/cjs/loader:1469:14)
    at Module._extensions..js (node:internal/modules/cjs/loader:1548:10)
    at Module.load (node:internal/modules/cjs/loader:1288:32)
    at Module._load (node:internal/modules/cjs/loader:1104:12)
    at Module.require (node:internal/modules/cjs/loader:1311:19)
    at Hook._require.Module.require (/usr/local/nodejs/lib/node_modules/pm2/node_modules/require-in-the-middle/index.js:101:39)
    at require (node:internal/modules/helpers:179:18)
    at Object.<anonymous> (/home/devilish/Desktop/Hour Booster (Dashboard & Bot/src/discord-bot/index.js:11:22)
    at Module._compile (node:internal/modules/cjs/loader:1469:14)
[ ERR ] [2025-06-27 12:21:35 GMT+7] AssertionError [ERR_ASSERTION]: NODE_ENV is required
    at Object.<anonymous> (/home/devilish/Desktop/Hour Booster (Dashboard & Bot/src/environments.js:15:1)
    at Module._compile (node:internal/modules/cjs/loader:1469:14)
    at Module._extensions..js (node:internal/modules/cjs/loader:1548:10)
    at Module.load (node:internal/modules/cjs/loader:1288:32)
    at Module._load (node:internal/modules/cjs/loader:1104:12)
    at Module.require (node:internal/modules/cjs/loader:1311:19)
    at Hook._require.Module.require (/usr/local/nodejs/lib/node_modules/pm2/node_modules/require-in-the-middle/index.js:101:39)
    at require (node:internal/modules/helpers:179:18)
    at Object.<anonymous> (/home/devilish/Desktop/Hour Booster (Dashboard & Bot/src/discord-bot/index.js:11:22)
    at Module._compile (node:internal/modules/cjs/loader:1469:14)
[ ERR ] [2025-06-27 12:21:38 GMT+7] AssertionError [ERR_ASSERTION]: NODE_ENV is required
    at Object.<anonymous> (/home/devilish/Desktop/Hour Booster (Dashboard & Bot/src/environments.js:15:1)
    at Module._compile (node:internal/modules/cjs/loader:1469:14)
    at Module._extensions..js (node:internal/modules/cjs/loader:1548:10)
    at Module.load (node:internal/modules/cjs/loader:1288:32)
    at Module._load (node:internal/modules/cjs/loader:1104:12)
    at Module.require (node:internal/modules/cjs/loader:1311:19)
    at Hook._require.Module.require (/usr/local/nodejs/lib/node_modules/pm2/node_modules/require-in-the-middle/index.js:101:39)
    at require (node:internal/modules/helpers:179:18)
    at Object.<anonymous> (/home/devilish/Desktop/Hour Booster (Dashboard & Bot/src/discord-bot/index.js:11:22)
    at Module._compile (node:internal/modules/cjs/loader:1469:14)
[ ERR ] [2025-06-27 12:21:41 GMT+7] AssertionError [ERR_ASSERTION]: NODE_ENV is required
    at Object.<anonymous> (/home/devilish/Desktop/Hour Booster (Dashboard & Bot/src/environments.js:15:1)
    at Module._compile (node:internal/modules/cjs/loader:1469:14)
    at Module._extensions..js (node:internal/modules/cjs/loader:1548:10)
    at Module.load (node:internal/modules/cjs/loader:1288:32)
    at Module._load (node:internal/modules/cjs/loader:1104:12)
    at Module.require (node:internal/modules/cjs/loader:1311:19)
    at Hook._require.Module.require (/usr/local/nodejs/lib/node_modules/pm2/node_modules/require-in-the-middle/index.js:101:39)
    at require (node:internal/modules/helpers:179:18)
    at Object.<anonymous> (/home/devilish/Desktop/Hour Booster (Dashboard & Bot/src/discord-bot/index.js:11:22)
    at Module._compile (node:internal/modules/cjs/loader:1469:14)
[ ERR ] [2025-06-27 12:21:44 GMT+7] AssertionError [ERR_ASSERTION]: NODE_ENV is required
    at Object.<anonymous> (/home/devilish/Desktop/Hour Booster (Dashboard & Bot/src/environments.js:15:1)
    at Module._compile (node:internal/modules/cjs/loader:1469:14)
    at Module._extensions..js (node:internal/modules/cjs/loader:1548:10)
    at Module.load (node:internal/modules/cjs/loader:1288:32)
    at Module._load (node:internal/modules/cjs/loader:1104:12)
    at Module.require (node:internal/modules/cjs/loader:1311:19)
    at Hook._require.Module.require (/usr/local/nodejs/lib/node_modules/pm2/node_modules/require-in-the-middle/index.js:101:39)
    at require (node:internal/modules/helpers:179:18)
    at Object.<anonymous> (/home/devilish/Desktop/Hour Booster (Dashboard & Bot/src/discord-bot/index.js:11:22)
    at Module._compile (node:internal/modules/cjs/loader:1469:14)
[ ERR ] [2025-06-27 12:21:47 GMT+7] AssertionError [ERR_ASSERTION]: NODE_ENV is required
    at Object.<anonymous> (/home/devilish/Desktop/Hour Booster (Dashboard & Bot/src/environments.js:15:1)
    at Module._compile (node:internal/modules/cjs/loader:1469:14)
    at Module._extensions..js (node:internal/modules/cjs/loader:1548:10)
    at Module.load (node:internal/modules/cjs/loader:1288:32)
    at Module._load (node:internal/modules/cjs/loader:1104:12)
    at Module.require (node:internal/modules/cjs/loader:1311:19)
    at Hook._require.Module.require (/usr/local/nodejs/lib/node_modules/pm2/node_modules/require-in-the-middle/index.js:101:39)
    at require (node:internal/modules/helpers:179:18)
    at Object.<anonymous> (/home/devilish/Desktop/Hour Booster (Dashboard & Bot/src/discord-bot/index.js:11:22)
    at Module._compile (node:internal/modules/cjs/loader:1469:14)
[ ERR ] [2025-06-27 12:21:50 GMT+7] AssertionError [ERR_ASSERTION]: NODE_ENV is required
    at Object.<anonymous> (/home/devilish/Desktop/Hour Booster (Dashboard & Bot/src/environments.js:15:1)
    at Module._compile (node:internal/modules/cjs/loader:1469:14)
    at Module._extensions..js (node:internal/modules/cjs/loader:1548:10)
    at Module.load (node:internal/modules/cjs/loader:1288:32)
    at Module._load (node:internal/modules/cjs/loader:1104:12)
    at Module.require (node:internal/modules/cjs/loader:1311:19)
    at Hook._require.Module.require (/usr/local/nodejs/lib/node_modules/pm2/node_modules/require-in-the-middle/index.js:101:39)
    at require (node:internal/modules/helpers:179:18)
    at Object.<anonymous> (/home/devilish/Desktop/Hour Booster (Dashboard & Bot/src/discord-bot/index.js:11:22)
    at Module._compile (node:internal/modules/cjs/loader:1469:14)
[ ERR ] [2025-06-27 12:21:54 GMT+7] AssertionError [ERR_ASSERTION]: NODE_ENV is required
    at Object.<anonymous> (/home/devilish/Desktop/Hour Booster (Dashboard & Bot/src/environments.js:15:1)
    at Module._compile (node:internal/modules/cjs/loader:1469:14)
    at Module._extensions..js (node:internal/modules/cjs/loader:1548:10)
    at Module.load (node:internal/modules/cjs/loader:1288:32)
    at Module._load (node:internal/modules/cjs/loader:1104:12)
    at Module.require (node:internal/modules/cjs/loader:1311:19)
    at Hook._require.Module.require (/usr/local/nodejs/lib/node_modules/pm2/node_modules/require-in-the-middle/index.js:101:39)
    at require (node:internal/modules/helpers:179:18)
    at Object.<anonymous> (/home/devilish/Desktop/Hour Booster (Dashboard & Bot/src/discord-bot/index.js:11:22)
    at Module._compile (node:internal/modules/cjs/loader:1469:14)
[ ERR ] [2025-06-27 12:21:57 GMT+7] AssertionError [ERR_ASSERTION]: NODE_ENV is required
    at Object.<anonymous> (/home/devilish/Desktop/Hour Booster (Dashboard & Bot/src/environments.js:15:1)
    at Module._compile (node:internal/modules/cjs/loader:1469:14)
    at Module._extensions..js (node:internal/modules/cjs/loader:1548:10)
    at Module.load (node:internal/modules/cjs/loader:1288:32)
    at Module._load (node:internal/modules/cjs/loader:1104:12)
    at Module.require (node:internal/modules/cjs/loader:1311:19)
    at Hook._require.Module.require (/usr/local/nodejs/lib/node_modules/pm2/node_modules/require-in-the-middle/index.js:101:39)
    at require (node:internal/modules/helpers:179:18)
    at Object.<anonymous> (/home/devilish/Desktop/Hour Booster (Dashboard & Bot/src/discord-bot/index.js:11:22)
    at Module._compile (node:internal/modules/cjs/loader:1469:14)
[ ERR ] [2025-06-27 12:22:00 GMT+7] AssertionError [ERR_ASSERTION]: NODE_ENV is required
    at Object.<anonymous> (/home/devilish/Desktop/Hour Booster (Dashboard & Bot/src/environments.js:15:1)
    at Module._compile (node:internal/modules/cjs/loader:1469:14)
    at Module._extensions..js (node:internal/modules/cjs/loader:1548:10)
    at Module.load (node:internal/modules/cjs/loader:1288:32)
    at Module._load (node:internal/modules/cjs/loader:1104:12)
    at Module.require (node:internal/modules/cjs/loader:1311:19)
    at Hook._require.Module.require (/usr/local/nodejs/lib/node_modules/pm2/node_modules/require-in-the-middle/index.js:101:39)
    at require (node:internal/modules/helpers:179:18)
    at Object.<anonymous> (/home/devilish/Desktop/Hour Booster (Dashboard & Bot/src/discord-bot/index.js:11:22)
    at Module._compile (node:internal/modules/cjs/loader:1469:14)
[ ERR ] [2025-06-27 12:22:03 GMT+7] AssertionError [ERR_ASSERTION]: NODE_ENV is required
    at Object.<anonymous> (/home/devilish/Desktop/Hour Booster (Dashboard & Bot/src/environments.js:15:1)
    at Module._compile (node:internal/modules/cjs/loader:1469:14)
    at Module._extensions..js (node:internal/modules/cjs/loader:1548:10)
    at Module.load (node:internal/modules/cjs/loader:1288:32)
    at Module._load (node:internal/modules/cjs/loader:1104:12)
    at Module.require (node:internal/modules/cjs/loader:1311:19)
    at Hook._require.Module.require (/usr/local/nodejs/lib/node_modules/pm2/node_modules/require-in-the-middle/index.js:101:39)
    at require (node:internal/modules/helpers:179:18)
    at Object.<anonymous> (/home/devilish/Desktop/Hour Booster (Dashboard & Bot/src/discord-bot/index.js:11:22)
    at Module._compile (node:internal/modules/cjs/loader:1469:14)
[ ERR ] [2025-06-27 12:22:06 GMT+7] AssertionError [ERR_ASSERTION]: NODE_ENV is required
    at Object.<anonymous> (/home/devilish/Desktop/Hour Booster (Dashboard & Bot/src/environments.js:15:1)
    at Module._compile (node:internal/modules/cjs/loader:1469:14)
    at Module._extensions..js (node:internal/modules/cjs/loader:1548:10)
    at Module.load (node:internal/modules/cjs/loader:1288:32)
    at Module._load (node:internal/modules/cjs/loader:1104:12)
    at Module.require (node:internal/modules/cjs/loader:1311:19)
    at Hook._require.Module.require (/usr/local/nodejs/lib/node_modules/pm2/node_modules/require-in-the-middle/index.js:101:39)
    at require (node:internal/modules/helpers:179:18)
    at Object.<anonymous> (/home/devilish/Desktop/Hour Booster (Dashboard & Bot/src/discord-bot/index.js:11:22)
    at Module._compile (node:internal/modules/cjs/loader:1469:14)
[ ERR ] [2025-06-27 12:22:09 GMT+7] AssertionError [ERR_ASSERTION]: NODE_ENV is required
    at Object.<anonymous> (/home/devilish/Desktop/Hour Booster (Dashboard & Bot/src/environments.js:15:1)
    at Module._compile (node:internal/modules/cjs/loader:1469:14)
    at Module._extensions..js (node:internal/modules/cjs/loader:1548:10)
    at Module.load (node:internal/modules/cjs/loader:1288:32)
    at Module._load (node:internal/modules/cjs/loader:1104:12)
    at Module.require (node:internal/modules/cjs/loader:1311:19)
    at Hook._require.Module.require (/usr/local/nodejs/lib/node_modules/pm2/node_modules/require-in-the-middle/index.js:101:39)
    at require (node:internal/modules/helpers:179:18)
    at Object.<anonymous> (/home/devilish/Desktop/Hour Booster (Dashboard & Bot/src/discord-bot/index.js:11:22)
    at Module._compile (node:internal/modules/cjs/loader:1469:14)
[ ERR ] [2025-06-27 12:22:12 GMT+7] AssertionError [ERR_ASSERTION]: NODE_ENV is required
    at Object.<anonymous> (/home/devilish/Desktop/Hour Booster (Dashboard & Bot/src/environments.js:15:1)
    at Module._compile (node:internal/modules/cjs/loader:1469:14)
    at Module._extensions..js (node:internal/modules/cjs/loader:1548:10)
    at Module.load (node:internal/modules/cjs/loader:1288:32)
    at Module._load (node:internal/modules/cjs/loader:1104:12)
    at Module.require (node:internal/modules/cjs/loader:1311:19)
    at Hook._require.Module.require (/usr/local/nodejs/lib/node_modules/pm2/node_modules/require-in-the-middle/index.js:101:39)
    at require (node:internal/modules/helpers:179:18)
    at Object.<anonymous> (/home/devilish/Desktop/Hour Booster (Dashboard & Bot/src/discord-bot/index.js:11:22)
    at Module._compile (node:internal/modules/cjs/loader:1469:14)
[ ERR ] [2025-06-27 12:22:15 GMT+7] AssertionError [ERR_ASSERTION]: NODE_ENV is required
    at Object.<anonymous> (/home/devilish/Desktop/Hour Booster (Dashboard & Bot/src/environments.js:15:1)
    at Module._compile (node:internal/modules/cjs/loader:1469:14)
    at Module._extensions..js (node:internal/modules/cjs/loader:1548:10)
    at Module.load (node:internal/modules/cjs/loader:1288:32)
    at Module._load (node:internal/modules/cjs/loader:1104:12)
    at Module.require (node:internal/modules/cjs/loader:1311:19)
    at Hook._require.Module.require (/usr/local/nodejs/lib/node_modules/pm2/node_modules/require-in-the-middle/index.js:101:39)
    at require (node:internal/modules/helpers:179:18)
    at Object.<anonymous> (/home/devilish/Desktop/Hour Booster (Dashboard & Bot/src/discord-bot/index.js:11:22)
    at Module._compile (node:internal/modules/cjs/loader:1469:14)
[ ERR ] [2025-06-27 12:22:18 GMT+7] AssertionError [ERR_ASSERTION]: NODE_ENV is required
    at Object.<anonymous> (/home/devilish/Desktop/Hour Booster (Dashboard & Bot/src/environments.js:15:1)
    at Module._compile (node:internal/modules/cjs/loader:1469:14)
    at Module._extensions..js (node:internal/modules/cjs/loader:1548:10)
    at Module.load (node:internal/modules/cjs/loader:1288:32)
    at Module._load (node:internal/modules/cjs/loader:1104:12)
    at Module.require (node:internal/modules/cjs/loader:1311:19)
    at Hook._require.Module.require (/usr/local/nodejs/lib/node_modules/pm2/node_modules/require-in-the-middle/index.js:101:39)
    at require (node:internal/modules/helpers:179:18)
    at Object.<anonymous> (/home/devilish/Desktop/Hour Booster (Dashboard & Bot/src/discord-bot/index.js:11:22)
    at Module._compile (node:internal/modules/cjs/loader:1469:14)
[ ERR ] [2025-06-27 12:22:21 GMT+7] AssertionError [ERR_ASSERTION]: NODE_ENV is required
    at Object.<anonymous> (/home/devilish/Desktop/Hour Booster (Dashboard & Bot/src/environments.js:15:1)
    at Module._compile (node:internal/modules/cjs/loader:1469:14)
    at Module._extensions..js (node:internal/modules/cjs/loader:1548:10)
    at Module.load (node:internal/modules/cjs/loader:1288:32)
    at Module._load (node:internal/modules/cjs/loader:1104:12)
    at Module.require (node:internal/modules/cjs/loader:1311:19)
    at Hook._require.Module.require (/usr/local/nodejs/lib/node_modules/pm2/node_modules/require-in-the-middle/index.js:101:39)
    at require (node:internal/modules/helpers:179:18)
    at Object.<anonymous> (/home/devilish/Desktop/Hour Booster (Dashboard & Bot/src/discord-bot/index.js:11:22)
    at Module._compile (node:internal/modules/cjs/loader:1469:14)
[ ERR ] [2025-06-27 12:22:25 GMT+7] AssertionError [ERR_ASSERTION]: NODE_ENV is required
    at Object.<anonymous> (/home/devilish/Desktop/Hour Booster (Dashboard & Bot/src/environments.js:15:1)
    at Module._compile (node:internal/modules/cjs/loader:1469:14)
    at Module._extensions..js (node:internal/modules/cjs/loader:1548:10)
    at Module.load (node:internal/modules/cjs/loader:1288:32)
    at Module._load (node:internal/modules/cjs/loader:1104:12)
    at Module.require (node:internal/modules/cjs/loader:1311:19)
    at Hook._require.Module.require (/usr/local/nodejs/lib/node_modules/pm2/node_modules/require-in-the-middle/index.js:101:39)
    at require (node:internal/modules/helpers:179:18)
    at Object.<anonymous> (/home/devilish/Desktop/Hour Booster (Dashboard & Bot/src/discord-bot/index.js:11:22)
    at Module._compile (node:internal/modules/cjs/loader:1469:14)
[ ERR ] [2025-06-27 12:22:28 GMT+7] AssertionError [ERR_ASSERTION]: NODE_ENV is required
    at Object.<anonymous> (/home/devilish/Desktop/Hour Booster (Dashboard & Bot/src/environments.js:15:1)
    at Module._compile (node:internal/modules/cjs/loader:1469:14)
    at Module._extensions..js (node:internal/modules/cjs/loader:1548:10)
    at Module.load (node:internal/modules/cjs/loader:1288:32)
    at Module._load (node:internal/modules/cjs/loader:1104:12)
    at Module.require (node:internal/modules/cjs/loader:1311:19)
    at Hook._require.Module.require (/usr/local/nodejs/lib/node_modules/pm2/node_modules/require-in-the-middle/index.js:101:39)
    at require (node:internal/modules/helpers:179:18)
    at Object.<anonymous> (/home/devilish/Desktop/Hour Booster (Dashboard & Bot/src/discord-bot/index.js:11:22)
    at Module._compile (node:internal/modules/cjs/loader:1469:14)
[ ERR ] [2025-06-27 12:22:31 GMT+7] AssertionError [ERR_ASSERTION]: NODE_ENV is required
    at Object.<anonymous> (/home/devilish/Desktop/Hour Booster (Dashboard & Bot/src/environments.js:15:1)
    at Module._compile (node:internal/modules/cjs/loader:1469:14)
    at Module._extensions..js (node:internal/modules/cjs/loader:1548:10)
    at Module.load (node:internal/modules/cjs/loader:1288:32)
    at Module._load (node:internal/modules/cjs/loader:1104:12)
    at Module.require (node:internal/modules/cjs/loader:1311:19)
    at Hook._require.Module.require (/usr/local/nodejs/lib/node_modules/pm2/node_modules/require-in-the-middle/index.js:101:39)
    at require (node:internal/modules/helpers:179:18)
    at Object.<anonymous> (/home/devilish/Desktop/Hour Booster (Dashboard & Bot/src/discord-bot/index.js:11:22)
    at Module._compile (node:internal/modules/cjs/loader:1469:14)
[ ERR ] [2025-06-27 12:22:34 GMT+7] AssertionError [ERR_ASSERTION]: NODE_ENV is required
    at Object.<anonymous> (/home/devilish/Desktop/Hour Booster (Dashboard & Bot/src/environments.js:15:1)
    at Module._compile (node:internal/modules/cjs/loader:1469:14)
    at Module._extensions..js (node:internal/modules/cjs/loader:1548:10)
    at Module.load (node:internal/modules/cjs/loader:1288:32)
    at Module._load (node:internal/modules/cjs/loader:1104:12)
    at Module.require (node:internal/modules/cjs/loader:1311:19)
    at Hook._require.Module.require (/usr/local/nodejs/lib/node_modules/pm2/node_modules/require-in-the-middle/index.js:101:39)
    at require (node:internal/modules/helpers:179:18)
    at Object.<anonymous> (/home/devilish/Desktop/Hour Booster (Dashboard & Bot/src/discord-bot/index.js:11:22)
    at Module._compile (node:internal/modules/cjs/loader:1469:14)
[ ERR ] [2025-06-27 12:22:37 GMT+7] AssertionError [ERR_ASSERTION]: NODE_ENV is required
    at Object.<anonymous> (/home/devilish/Desktop/Hour Booster (Dashboard & Bot/src/environments.js:15:1)
    at Module._compile (node:internal/modules/cjs/loader:1469:14)
    at Module._extensions..js (node:internal/modules/cjs/loader:1548:10)
    at Module.load (node:internal/modules/cjs/loader:1288:32)
    at Module._load (node:internal/modules/cjs/loader:1104:12)
    at Module.require (node:internal/modules/cjs/loader:1311:19)
    at Hook._require.Module.require (/usr/local/nodejs/lib/node_modules/pm2/node_modules/require-in-the-middle/index.js:101:39)
    at require (node:internal/modules/helpers:179:18)
    at Object.<anonymous> (/home/devilish/Desktop/Hour Booster (Dashboard & Bot/src/discord-bot/index.js:11:22)
    at Module._compile (node:internal/modules/cjs/loader:1469:14)
[ ERR ] [2025-06-27 12:22:40 GMT+7] AssertionError [ERR_ASSERTION]: NODE_ENV is required
    at Object.<anonymous> (/home/devilish/Desktop/Hour Booster (Dashboard & Bot/src/environments.js:15:1)
    at Module._compile (node:internal/modules/cjs/loader:1469:14)
    at Module._extensions..js (node:internal/modules/cjs/loader:1548:10)
    at Module.load (node:internal/modules/cjs/loader:1288:32)
    at Module._load (node:internal/modules/cjs/loader:1104:12)
    at Module.require (node:internal/modules/cjs/loader:1311:19)
    at Hook._require.Module.require (/usr/local/nodejs/lib/node_modules/pm2/node_modules/require-in-the-middle/index.js:101:39)
    at require (node:internal/modules/helpers:179:18)
    at Object.<anonymous> (/home/devilish/Desktop/Hour Booster (Dashboard & Bot/src/discord-bot/index.js:11:22)
    at Module._compile (node:internal/modules/cjs/loader:1469:14)
[ ERR ] [2025-06-27 12:22:43 GMT+7] AssertionError [ERR_ASSERTION]: NODE_ENV is required
    at Object.<anonymous> (/home/devilish/Desktop/Hour Booster (Dashboard & Bot/src/environments.js:15:1)
    at Module._compile (node:internal/modules/cjs/loader:1469:14)
    at Module._extensions..js (node:internal/modules/cjs/loader:1548:10)
    at Module.load (node:internal/modules/cjs/loader:1288:32)
    at Module._load (node:internal/modules/cjs/loader:1104:12)
    at Module.require (node:internal/modules/cjs/loader:1311:19)
    at Hook._require.Module.require (/usr/local/nodejs/lib/node_modules/pm2/node_modules/require-in-the-middle/index.js:101:39)
    at require (node:internal/modules/helpers:179:18)
    at Object.<anonymous> (/home/devilish/Desktop/Hour Booster (Dashboard & Bot/src/discord-bot/index.js:11:22)
    at Module._compile (node:internal/modules/cjs/loader:1469:14)
[ ERR ] [2025-06-27 12:22:46 GMT+7] AssertionError [ERR_ASSERTION]: NODE_ENV is required
    at Object.<anonymous> (/home/devilish/Desktop/Hour Booster (Dashboard & Bot/src/environments.js:15:1)
    at Module._compile (node:internal/modules/cjs/loader:1469:14)
    at Module._extensions..js (node:internal/modules/cjs/loader:1548:10)
    at Module.load (node:internal/modules/cjs/loader:1288:32)
    at Module._load (node:internal/modules/cjs/loader:1104:12)
    at Module.require (node:internal/modules/cjs/loader:1311:19)
    at Hook._require.Module.require (/usr/local/nodejs/lib/node_modules/pm2/node_modules/require-in-the-middle/index.js:101:39)
    at require (node:internal/modules/helpers:179:18)
    at Object.<anonymous> (/home/devilish/Desktop/Hour Booster (Dashboard & Bot/src/discord-bot/index.js:11:22)
    at Module._compile (node:internal/modules/cjs/loader:1469:14)
[ ERR ] [2025-06-27 12:22:49 GMT+7] AssertionError [ERR_ASSERTION]: NODE_ENV is required
    at Object.<anonymous> (/home/devilish/Desktop/Hour Booster (Dashboard & Bot/src/environments.js:15:1)
    at Module._compile (node:internal/modules/cjs/loader:1469:14)
    at Module._extensions..js (node:internal/modules/cjs/loader:1548:10)
    at Module.load (node:internal/modules/cjs/loader:1288:32)
    at Module._load (node:internal/modules/cjs/loader:1104:12)
    at Module.require (node:internal/modules/cjs/loader:1311:19)
    at Hook._require.Module.require (/usr/local/nodejs/lib/node_modules/pm2/node_modules/require-in-the-middle/index.js:101:39)
    at require (node:internal/modules/helpers:179:18)
    at Object.<anonymous> (/home/devilish/Desktop/Hour Booster (Dashboard & Bot/src/discord-bot/index.js:11:22)
    at Module._compile (node:internal/modules/cjs/loader:1469:14)
[ ERR ] [2025-06-27 12:22:53 GMT+7] AssertionError [ERR_ASSERTION]: NODE_ENV is required
    at Object.<anonymous> (/home/devilish/Desktop/Hour Booster (Dashboard & Bot/src/environments.js:15:1)
    at Module._compile (node:internal/modules/cjs/loader:1469:14)
    at Module._extensions..js (node:internal/modules/cjs/loader:1548:10)
    at Module.load (node:internal/modules/cjs/loader:1288:32)
    at Module._load (node:internal/modules/cjs/loader:1104:12)
    at Module.require (node:internal/modules/cjs/loader:1311:19)
    at Hook._require.Module.require (/usr/local/nodejs/lib/node_modules/pm2/node_modules/require-in-the-middle/index.js:101:39)
    at require (node:internal/modules/helpers:179:18)
    at Object.<anonymous> (/home/devilish/Desktop/Hour Booster (Dashboard & Bot/src/discord-bot/index.js:11:22)
    at Module._compile (node:internal/modules/cjs/loader:1469:14)
[ ERR ] [2025-06-27 12:22:56 GMT+7] AssertionError [ERR_ASSERTION]: NODE_ENV is required
    at Object.<anonymous> (/home/devilish/Desktop/Hour Booster (Dashboard & Bot/src/environments.js:15:1)
    at Module._compile (node:internal/modules/cjs/loader:1469:14)
    at Module._extensions..js (node:internal/modules/cjs/loader:1548:10)
    at Module.load (node:internal/modules/cjs/loader:1288:32)
    at Module._load (node:internal/modules/cjs/loader:1104:12)
    at Module.require (node:internal/modules/cjs/loader:1311:19)
    at Hook._require.Module.require (/usr/local/nodejs/lib/node_modules/pm2/node_modules/require-in-the-middle/index.js:101:39)
    at require (node:internal/modules/helpers:179:18)
    at Object.<anonymous> (/home/devilish/Desktop/Hour Booster (Dashboard & Bot/src/discord-bot/index.js:11:22)
    at Module._compile (node:internal/modules/cjs/loader:1469:14)
[ ERR ] [2025-06-27 12:22:59 GMT+7] AssertionError [ERR_ASSERTION]: NODE_ENV is required
    at Object.<anonymous> (/home/devilish/Desktop/Hour Booster (Dashboard & Bot/src/environments.js:15:1)
    at Module._compile (node:internal/modules/cjs/loader:1469:14)
    at Module._extensions..js (node:internal/modules/cjs/loader:1548:10)
    at Module.load (node:internal/modules/cjs/loader:1288:32)
    at Module._load (node:internal/modules/cjs/loader:1104:12)
    at Module.require (node:internal/modules/cjs/loader:1311:19)
    at Hook._require.Module.require (/usr/local/nodejs/lib/node_modules/pm2/node_modules/require-in-the-middle/index.js:101:39)
    at require (node:internal/modules/helpers:179:18)
    at Object.<anonymous> (/home/devilish/Desktop/Hour Booster (Dashboard & Bot/src/discord-bot/index.js:11:22)
    at Module._compile (node:internal/modules/cjs/loader:1469:14)
[ ERR ] [2025-06-27 12:23:02 GMT+7] AssertionError [ERR_ASSERTION]: NODE_ENV is required
    at Object.<anonymous> (/home/devilish/Desktop/Hour Booster (Dashboard & Bot/src/environments.js:15:1)
    at Module._compile (node:internal/modules/cjs/loader:1469:14)
    at Module._extensions..js (node:internal/modules/cjs/loader:1548:10)
    at Module.load (node:internal/modules/cjs/loader:1288:32)
    at Module._load (node:internal/modules/cjs/loader:1104:12)
    at Module.require (node:internal/modules/cjs/loader:1311:19)
    at Hook._require.Module.require (/usr/local/nodejs/lib/node_modules/pm2/node_modules/require-in-the-middle/index.js:101:39)
    at require (node:internal/modules/helpers:179:18)
    at Object.<anonymous> (/home/devilish/Desktop/Hour Booster (Dashboard & Bot/src/discord-bot/index.js:11:22)
    at Module._compile (node:internal/modules/cjs/loader:1469:14)
[ ERR ] [2025-06-27 12:23:05 GMT+7] AssertionError [ERR_ASSERTION]: NODE_ENV is required
    at Object.<anonymous> (/home/devilish/Desktop/Hour Booster (Dashboard & Bot/src/environments.js:15:1)
    at Module._compile (node:internal/modules/cjs/loader:1469:14)
    at Module._extensions..js (node:internal/modules/cjs/loader:1548:10)
    at Module.load (node:internal/modules/cjs/loader:1288:32)
    at Module._load (node:internal/modules/cjs/loader:1104:12)
    at Module.require (node:internal/modules/cjs/loader:1311:19)
    at Hook._require.Module.require (/usr/local/nodejs/lib/node_modules/pm2/node_modules/require-in-the-middle/index.js:101:39)
    at require (node:internal/modules/helpers:179:18)
    at Object.<anonymous> (/home/devilish/Desktop/Hour Booster (Dashboard & Bot/src/discord-bot/index.js:11:22)
    at Module._compile (node:internal/modules/cjs/loader:1469:14)
[ ERR ] [2025-06-27 12:23:08 GMT+7] AssertionError [ERR_ASSERTION]: NODE_ENV is required
    at Object.<anonymous> (/home/devilish/Desktop/Hour Booster (Dashboard & Bot/src/environments.js:15:1)
    at Module._compile (node:internal/modules/cjs/loader:1469:14)
    at Module._extensions..js (node:internal/modules/cjs/loader:1548:10)
    at Module.load (node:internal/modules/cjs/loader:1288:32)
    at Module._load (node:internal/modules/cjs/loader:1104:12)
    at Module.require (node:internal/modules/cjs/loader:1311:19)
    at Hook._require.Module.require (/usr/local/nodejs/lib/node_modules/pm2/node_modules/require-in-the-middle/index.js:101:39)
    at require (node:internal/modules/helpers:179:18)
    at Object.<anonymous> (/home/devilish/Desktop/Hour Booster (Dashboard & Bot/src/discord-bot/index.js:11:22)
    at Module._compile (node:internal/modules/cjs/loader:1469:14)
[ ERR ] [2025-06-27 12:23:11 GMT+7] AssertionError [ERR_ASSERTION]: NODE_ENV is required
    at Object.<anonymous> (/home/devilish/Desktop/Hour Booster (Dashboard & Bot/src/environments.js:15:1)
    at Module._compile (node:internal/modules/cjs/loader:1469:14)
    at Module._extensions..js (node:internal/modules/cjs/loader:1548:10)
    at Module.load (node:internal/modules/cjs/loader:1288:32)
    at Module._load (node:internal/modules/cjs/loader:1104:12)
    at Module.require (node:internal/modules/cjs/loader:1311:19)
    at Hook._require.Module.require (/usr/local/nodejs/lib/node_modules/pm2/node_modules/require-in-the-middle/index.js:101:39)
    at require (node:internal/modules/helpers:179:18)
    at Object.<anonymous> (/home/devilish/Desktop/Hour Booster (Dashboard & Bot/src/discord-bot/index.js:11:22)
    at Module._compile (node:internal/modules/cjs/loader:1469:14)
[ ERR ] [2025-06-27 12:23:14 GMT+7] AssertionError [ERR_ASSERTION]: NODE_ENV is required
    at Object.<anonymous> (/home/devilish/Desktop/Hour Booster (Dashboard & Bot/src/environments.js:15:1)
    at Module._compile (node:internal/modules/cjs/loader:1469:14)
    at Module._extensions..js (node:internal/modules/cjs/loader:1548:10)
    at Module.load (node:internal/modules/cjs/loader:1288:32)
    at Module._load (node:internal/modules/cjs/loader:1104:12)
    at Module.require (node:internal/modules/cjs/loader:1311:19)
    at Hook._require.Module.require (/usr/local/nodejs/lib/node_modules/pm2/node_modules/require-in-the-middle/index.js:101:39)
    at require (node:internal/modules/helpers:179:18)
    at Object.<anonymous> (/home/devilish/Desktop/Hour Booster (Dashboard & Bot/src/discord-bot/index.js:11:22)
    at Module._compile (node:internal/modules/cjs/loader:1469:14)
[ ERR ] [2025-06-27 12:23:17 GMT+7] AssertionError [ERR_ASSERTION]: NODE_ENV is required
    at Object.<anonymous> (/home/devilish/Desktop/Hour Booster (Dashboard & Bot/src/environments.js:15:1)
    at Module._compile (node:internal/modules/cjs/loader:1469:14)
    at Module._extensions..js (node:internal/modules/cjs/loader:1548:10)
    at Module.load (node:internal/modules/cjs/loader:1288:32)
    at Module._load (node:internal/modules/cjs/loader:1104:12)
    at Module.require (node:internal/modules/cjs/loader:1311:19)
    at Hook._require.Module.require (/usr/local/nodejs/lib/node_modules/pm2/node_modules/require-in-the-middle/index.js:101:39)
    at require (node:internal/modules/helpers:179:18)
    at Object.<anonymous> (/home/devilish/Desktop/Hour Booster (Dashboard & Bot/src/discord-bot/index.js:11:22)
    at Module._compile (node:internal/modules/cjs/loader:1469:14)
[ ERR ] [2025-06-27 12:23:20 GMT+7] AssertionError [ERR_ASSERTION]: NODE_ENV is required
    at Object.<anonymous> (/home/devilish/Desktop/Hour Booster (Dashboard & Bot/src/environments.js:15:1)
    at Module._compile (node:internal/modules/cjs/loader:1469:14)
    at Module._extensions..js (node:internal/modules/cjs/loader:1548:10)
    at Module.load (node:internal/modules/cjs/loader:1288:32)
    at Module._load (node:internal/modules/cjs/loader:1104:12)
    at Module.require (node:internal/modules/cjs/loader:1311:19)
    at Hook._require.Module.require (/usr/local/nodejs/lib/node_modules/pm2/node_modules/require-in-the-middle/index.js:101:39)
    at require (node:internal/modules/helpers:179:18)
    at Object.<anonymous> (/home/devilish/Desktop/Hour Booster (Dashboard & Bot/src/discord-bot/index.js:11:22)
    at Module._compile (node:internal/modules/cjs/loader:1469:14)
[ ERR ] [2025-06-27 12:23:24 GMT+7] AssertionError [ERR_ASSERTION]: NODE_ENV is required
    at Object.<anonymous> (/home/devilish/Desktop/Hour Booster (Dashboard & Bot/src/environments.js:15:1)
    at Module._compile (node:internal/modules/cjs/loader:1469:14)
    at Module._extensions..js (node:internal/modules/cjs/loader:1548:10)
    at Module.load (node:internal/modules/cjs/loader:1288:32)
    at Module._load (node:internal/modules/cjs/loader:1104:12)
    at Module.require (node:internal/modules/cjs/loader:1311:19)
    at Hook._require.Module.require (/usr/local/nodejs/lib/node_modules/pm2/node_modules/require-in-the-middle/index.js:101:39)
    at require (node:internal/modules/helpers:179:18)
    at Object.<anonymous> (/home/devilish/Desktop/Hour Booster (Dashboard & Bot/src/discord-bot/index.js:11:22)
    at Module._compile (node:internal/modules/cjs/loader:1469:14)
[ ERR ] [2025-06-27 12:23:27 GMT+7] AssertionError [ERR_ASSERTION]: NODE_ENV is required
    at Object.<anonymous> (/home/devilish/Desktop/Hour Booster (Dashboard & Bot/src/environments.js:15:1)
    at Module._compile (node:internal/modules/cjs/loader:1469:14)
    at Module._extensions..js (node:internal/modules/cjs/loader:1548:10)
    at Module.load (node:internal/modules/cjs/loader:1288:32)
    at Module._load (node:internal/modules/cjs/loader:1104:12)
    at Module.require (node:internal/modules/cjs/loader:1311:19)
    at Hook._require.Module.require (/usr/local/nodejs/lib/node_modules/pm2/node_modules/require-in-the-middle/index.js:101:39)
    at require (node:internal/modules/helpers:179:18)
    at Object.<anonymous> (/home/devilish/Desktop/Hour Booster (Dashboard & Bot/src/discord-bot/index.js:11:22)
    at Module._compile (node:internal/modules/cjs/loader:1469:14)
[ ERR ] [2025-06-27 12:23:30 GMT+7] AssertionError [ERR_ASSERTION]: NODE_ENV is required
    at Object.<anonymous> (/home/devilish/Desktop/Hour Booster (Dashboard & Bot/src/environments.js:15:1)
    at Module._compile (node:internal/modules/cjs/loader:1469:14)
    at Module._extensions..js (node:internal/modules/cjs/loader:1548:10)
    at Module.load (node:internal/modules/cjs/loader:1288:32)
    at Module._load (node:internal/modules/cjs/loader:1104:12)
    at Module.require (node:internal/modules/cjs/loader:1311:19)
    at Hook._require.Module.require (/usr/local/nodejs/lib/node_modules/pm2/node_modules/require-in-the-middle/index.js:101:39)
    at require (node:internal/modules/helpers:179:18)
    at Object.<anonymous> (/home/devilish/Desktop/Hour Booster (Dashboard & Bot/src/discord-bot/index.js:11:22)
    at Module._compile (node:internal/modules/cjs/loader:1469:14)
[ ERR ] [2025-06-27 12:23:33 GMT+7] AssertionError [ERR_ASSERTION]: NODE_ENV is required
    at Object.<anonymous> (/home/devilish/Desktop/Hour Booster (Dashboard & Bot/src/environments.js:15:1)
    at Module._compile (node:internal/modules/cjs/loader:1469:14)
    at Module._extensions..js (node:internal/modules/cjs/loader:1548:10)
    at Module.load (node:internal/modules/cjs/loader:1288:32)
    at Module._load (node:internal/modules/cjs/loader:1104:12)
    at Module.require (node:internal/modules/cjs/loader:1311:19)
    at Hook._require.Module.require (/usr/local/nodejs/lib/node_modules/pm2/node_modules/require-in-the-middle/index.js:101:39)
    at require (node:internal/modules/helpers:179:18)
    at Object.<anonymous> (/home/devilish/Desktop/Hour Booster (Dashboard & Bot/src/discord-bot/index.js:11:22)
    at Module._compile (node:internal/modules/cjs/loader:1469:14)
[ ERR ] [2025-06-27 12:23:36 GMT+7] AssertionError [ERR_ASSERTION]: NODE_ENV is required
    at Object.<anonymous> (/home/devilish/Desktop/Hour Booster (Dashboard & Bot/src/environments.js:15:1)
    at Module._compile (node:internal/modules/cjs/loader:1469:14)
    at Module._extensions..js (node:internal/modules/cjs/loader:1548:10)
    at Module.load (node:internal/modules/cjs/loader:1288:32)
    at Module._load (node:internal/modules/cjs/loader:1104:12)
    at Module.require (node:internal/modules/cjs/loader:1311:19)
    at Hook._require.Module.require (/usr/local/nodejs/lib/node_modules/pm2/node_modules/require-in-the-middle/index.js:101:39)
    at require (node:internal/modules/helpers:179:18)
    at Object.<anonymous> (/home/devilish/Desktop/Hour Booster (Dashboard & Bot/src/discord-bot/index.js:11:22)
    at Module._compile (node:internal/modules/cjs/loader:1469:14)
[ ERR ] [2025-06-27 12:23:39 GMT+7] AssertionError [ERR_ASSERTION]: NODE_ENV is required
    at Object.<anonymous> (/home/devilish/Desktop/Hour Booster (Dashboard & Bot/src/environments.js:15:1)
    at Module._compile (node:internal/modules/cjs/loader:1469:14)
    at Module._extensions..js (node:internal/modules/cjs/loader:1548:10)
    at Module.load (node:internal/modules/cjs/loader:1288:32)
    at Module._load (node:internal/modules/cjs/loader:1104:12)
    at Module.require (node:internal/modules/cjs/loader:1311:19)
    at Hook._require.Module.require (/usr/local/nodejs/lib/node_modules/pm2/node_modules/require-in-the-middle/index.js:101:39)
    at require (node:internal/modules/helpers:179:18)
    at Object.<anonymous> (/home/devilish/Desktop/Hour Booster (Dashboard & Bot/src/discord-bot/index.js:11:22)
    at Module._compile (node:internal/modules/cjs/loader:1469:14)
[ ERR ] [2025-06-27 12:23:42 GMT+7] AssertionError [ERR_ASSERTION]: NODE_ENV is required
    at Object.<anonymous> (/home/devilish/Desktop/Hour Booster (Dashboard & Bot/src/environments.js:15:1)
    at Module._compile (node:internal/modules/cjs/loader:1469:14)
    at Module._extensions..js (node:internal/modules/cjs/loader:1548:10)
    at Module.load (node:internal/modules/cjs/loader:1288:32)
    at Module._load (node:internal/modules/cjs/loader:1104:12)
    at Module.require (node:internal/modules/cjs/loader:1311:19)
    at Hook._require.Module.require (/usr/local/nodejs/lib/node_modules/pm2/node_modules/require-in-the-middle/index.js:101:39)
    at require (node:internal/modules/helpers:179:18)
    at Object.<anonymous> (/home/devilish/Desktop/Hour Booster (Dashboard & Bot/src/discord-bot/index.js:11:22)
    at Module._compile (node:internal/modules/cjs/loader:1469:14)
[ ERR ] [2025-06-27 12:23:45 GMT+7] AssertionError [ERR_ASSERTION]: NODE_ENV is required
    at Object.<anonymous> (/home/devilish/Desktop/Hour Booster (Dashboard & Bot/src/environments.js:15:1)
    at Module._compile (node:internal/modules/cjs/loader:1469:14)
    at Module._extensions..js (node:internal/modules/cjs/loader:1548:10)
    at Module.load (node:internal/modules/cjs/loader:1288:32)
    at Module._load (node:internal/modules/cjs/loader:1104:12)
    at Module.require (node:internal/modules/cjs/loader:1311:19)
    at Hook._require.Module.require (/usr/local/nodejs/lib/node_modules/pm2/node_modules/require-in-the-middle/index.js:101:39)
    at require (node:internal/modules/helpers:179:18)
    at Object.<anonymous> (/home/devilish/Desktop/Hour Booster (Dashboard & Bot/src/discord-bot/index.js:11:22)
    at Module._compile (node:internal/modules/cjs/loader:1469:14)
[ ERR ] [2025-06-27 12:23:48 GMT+7] AssertionError [ERR_ASSERTION]: NODE_ENV is required
    at Object.<anonymous> (/home/devilish/Desktop/Hour Booster (Dashboard & Bot/src/environments.js:15:1)
    at Module._compile (node:internal/modules/cjs/loader:1469:14)
    at Module._extensions..js (node:internal/modules/cjs/loader:1548:10)
    at Module.load (node:internal/modules/cjs/loader:1288:32)
    at Module._load (node:internal/modules/cjs/loader:1104:12)
    at Module.require (node:internal/modules/cjs/loader:1311:19)
    at Hook._require.Module.require (/usr/local/nodejs/lib/node_modules/pm2/node_modules/require-in-the-middle/index.js:101:39)
    at require (node:internal/modules/helpers:179:18)
    at Object.<anonymous> (/home/devilish/Desktop/Hour Booster (Dashboard & Bot/src/discord-bot/index.js:11:22)
    at Module._compile (node:internal/modules/cjs/loader:1469:14)
[ ERR ] [2025-06-27 12:23:52 GMT+7] AssertionError [ERR_ASSERTION]: NODE_ENV is required
    at Object.<anonymous> (/home/devilish/Desktop/Hour Booster (Dashboard & Bot/src/environments.js:15:1)
    at Module._compile (node:internal/modules/cjs/loader:1469:14)
    at Module._extensions..js (node:internal/modules/cjs/loader:1548:10)
    at Module.load (node:internal/modules/cjs/loader:1288:32)
    at Module._load (node:internal/modules/cjs/loader:1104:12)
    at Module.require (node:internal/modules/cjs/loader:1311:19)
    at Hook._require.Module.require (/usr/local/nodejs/lib/node_modules/pm2/node_modules/require-in-the-middle/index.js:101:39)
    at require (node:internal/modules/helpers:179:18)
    at Object.<anonymous> (/home/devilish/Desktop/Hour Booster (Dashboard & Bot/src/discord-bot/index.js:11:22)
    at Module._compile (node:internal/modules/cjs/loader:1469:14)
[ ERR ] [2025-06-27 12:23:55 GMT+7] AssertionError [ERR_ASSERTION]: NODE_ENV is required
    at Object.<anonymous> (/home/devilish/Desktop/Hour Booster (Dashboard & Bot/src/environments.js:15:1)
    at Module._compile (node:internal/modules/cjs/loader:1469:14)
    at Module._extensions..js (node:internal/modules/cjs/loader:1548:10)
    at Module.load (node:internal/modules/cjs/loader:1288:32)
    at Module._load (node:internal/modules/cjs/loader:1104:12)
    at Module.require (node:internal/modules/cjs/loader:1311:19)
    at Hook._require.Module.require (/usr/local/nodejs/lib/node_modules/pm2/node_modules/require-in-the-middle/index.js:101:39)
    at require (node:internal/modules/helpers:179:18)
    at Object.<anonymous> (/home/devilish/Desktop/Hour Booster (Dashboard & Bot/src/discord-bot/index.js:11:22)
    at Module._compile (node:internal/modules/cjs/loader:1469:14)
[ ERR ] [2025-06-27 12:23:58 GMT+7] AssertionError [ERR_ASSERTION]: NODE_ENV is required
    at Object.<anonymous> (/home/devilish/Desktop/Hour Booster (Dashboard & Bot/src/environments.js:15:1)
    at Module._compile (node:internal/modules/cjs/loader:1469:14)
    at Module._extensions..js (node:internal/modules/cjs/loader:1548:10)
    at Module.load (node:internal/modules/cjs/loader:1288:32)
    at Module._load (node:internal/modules/cjs/loader:1104:12)
    at Module.require (node:internal/modules/cjs/loader:1311:19)
    at Hook._require.Module.require (/usr/local/nodejs/lib/node_modules/pm2/node_modules/require-in-the-middle/index.js:101:39)
    at require (node:internal/modules/helpers:179:18)
    at Object.<anonymous> (/home/devilish/Desktop/Hour Booster (Dashboard & Bot/src/discord-bot/index.js:11:22)
    at Module._compile (node:internal/modules/cjs/loader:1469:14)
[ ERR ] [2025-06-27 12:24:01 GMT+7] AssertionError [ERR_ASSERTION]: NODE_ENV is required
    at Object.<anonymous> (/home/devilish/Desktop/Hour Booster (Dashboard & Bot/src/environments.js:15:1)
    at Module._compile (node:internal/modules/cjs/loader:1469:14)
    at Module._extensions..js (node:internal/modules/cjs/loader:1548:10)
    at Module.load (node:internal/modules/cjs/loader:1288:32)
    at Module._load (node:internal/modules/cjs/loader:1104:12)
    at Module.require (node:internal/modules/cjs/loader:1311:19)
    at Hook._require.Module.require (/usr/local/nodejs/lib/node_modules/pm2/node_modules/require-in-the-middle/index.js:101:39)
    at require (node:internal/modules/helpers:179:18)
    at Object.<anonymous> (/home/devilish/Desktop/Hour Booster (Dashboard & Bot/src/discord-bot/index.js:11:22)
    at Module._compile (node:internal/modules/cjs/loader:1469:14)
[ ERR ] [2025-06-27 12:24:04 GMT+7] AssertionError [ERR_ASSERTION]: NODE_ENV is required
    at Object.<anonymous> (/home/devilish/Desktop/Hour Booster (Dashboard & Bot/src/environments.js:15:1)
    at Module._compile (node:internal/modules/cjs/loader:1469:14)
    at Module._extensions..js (node:internal/modules/cjs/loader:1548:10)
    at Module.load (node:internal/modules/cjs/loader:1288:32)
    at Module._load (node:internal/modules/cjs/loader:1104:12)
    at Module.require (node:internal/modules/cjs/loader:1311:19)
    at Hook._require.Module.require (/usr/local/nodejs/lib/node_modules/pm2/node_modules/require-in-the-middle/index.js:101:39)
    at require (node:internal/modules/helpers:179:18)
    at Object.<anonymous> (/home/devilish/Desktop/Hour Booster (Dashboard & Bot/src/discord-bot/index.js:11:22)
    at Module._compile (node:internal/modules/cjs/loader:1469:14)
[ ERR ] [2025-06-27 12:24:07 GMT+7] AssertionError [ERR_ASSERTION]: NODE_ENV is required
    at Object.<anonymous> (/home/devilish/Desktop/Hour Booster (Dashboard & Bot/src/environments.js:15:1)
    at Module._compile (node:internal/modules/cjs/loader:1469:14)
    at Module._extensions..js (node:internal/modules/cjs/loader:1548:10)
    at Module.load (node:internal/modules/cjs/loader:1288:32)
    at Module._load (node:internal/modules/cjs/loader:1104:12)
    at Module.require (node:internal/modules/cjs/loader:1311:19)
    at Hook._require.Module.require (/usr/local/nodejs/lib/node_modules/pm2/node_modules/require-in-the-middle/index.js:101:39)
    at require (node:internal/modules/helpers:179:18)
    at Object.<anonymous> (/home/devilish/Desktop/Hour Booster (Dashboard & Bot/src/discord-bot/index.js:11:22)
    at Module._compile (node:internal/modules/cjs/loader:1469:14)
[ ERR ] [2025-06-27 12:24:10 GMT+7] AssertionError [ERR_ASSERTION]: NODE_ENV is required
    at Object.<anonymous> (/home/devilish/Desktop/Hour Booster (Dashboard & Bot/src/environments.js:15:1)
    at Module._compile (node:internal/modules/cjs/loader:1469:14)
    at Module._extensions..js (node:internal/modules/cjs/loader:1548:10)
    at Module.load (node:internal/modules/cjs/loader:1288:32)
    at Module._load (node:internal/modules/cjs/loader:1104:12)
    at Module.require (node:internal/modules/cjs/loader:1311:19)
    at Hook._require.Module.require (/usr/local/nodejs/lib/node_modules/pm2/node_modules/require-in-the-middle/index.js:101:39)
    at require (node:internal/modules/helpers:179:18)
    at Object.<anonymous> (/home/devilish/Desktop/Hour Booster (Dashboard & Bot/src/discord-bot/index.js:11:22)
    at Module._compile (node:internal/modules/cjs/loader:1469:14)
[ ERR ] [2025-06-27 12:24:13 GMT+7] AssertionError [ERR_ASSERTION]: NODE_ENV is required
    at Object.<anonymous> (/home/devilish/Desktop/Hour Booster (Dashboard & Bot/src/environments.js:15:1)
    at Module._compile (node:internal/modules/cjs/loader:1469:14)
    at Module._extensions..js (node:internal/modules/cjs/loader:1548:10)
    at Module.load (node:internal/modules/cjs/loader:1288:32)
    at Module._load (node:internal/modules/cjs/loader:1104:12)
    at Module.require (node:internal/modules/cjs/loader:1311:19)
    at Hook._require.Module.require (/usr/local/nodejs/lib/node_modules/pm2/node_modules/require-in-the-middle/index.js:101:39)
    at require (node:internal/modules/helpers:179:18)
    at Object.<anonymous> (/home/devilish/Desktop/Hour Booster (Dashboard & Bot/src/discord-bot/index.js:11:22)
    at Module._compile (node:internal/modules/cjs/loader:1469:14)
[ ERR ] [2025-06-27 12:24:16 GMT+7] AssertionError [ERR_ASSERTION]: NODE_ENV is required
    at Object.<anonymous> (/home/devilish/Desktop/Hour Booster (Dashboard & Bot/src/environments.js:15:1)
    at Module._compile (node:internal/modules/cjs/loader:1469:14)
    at Module._extensions..js (node:internal/modules/cjs/loader:1548:10)
    at Module.load (node:internal/modules/cjs/loader:1288:32)
    at Module._load (node:internal/modules/cjs/loader:1104:12)
    at Module.require (node:internal/modules/cjs/loader:1311:19)
    at Hook._require.Module.require (/usr/local/nodejs/lib/node_modules/pm2/node_modules/require-in-the-middle/index.js:101:39)
    at require (node:internal/modules/helpers:179:18)
    at Object.<anonymous> (/home/devilish/Desktop/Hour Booster (Dashboard & Bot/src/discord-bot/index.js:11:22)
    at Module._compile (node:internal/modules/cjs/loader:1469:14)
[ ERR ] [2025-06-27 12:24:19 GMT+7] AssertionError [ERR_ASSERTION]: NODE_ENV is required
    at Object.<anonymous> (/home/devilish/Desktop/Hour Booster (Dashboard & Bot/src/environments.js:15:1)
    at Module._compile (node:internal/modules/cjs/loader:1469:14)
    at Module._extensions..js (node:internal/modules/cjs/loader:1548:10)
    at Module.load (node:internal/modules/cjs/loader:1288:32)
    at Module._load (node:internal/modules/cjs/loader:1104:12)
    at Module.require (node:internal/modules/cjs/loader:1311:19)
    at Hook._require.Module.require (/usr/local/nodejs/lib/node_modules/pm2/node_modules/require-in-the-middle/index.js:101:39)
    at require (node:internal/modules/helpers:179:18)
    at Object.<anonymous> (/home/devilish/Desktop/Hour Booster (Dashboard & Bot/src/discord-bot/index.js:11:22)
    at Module._compile (node:internal/modules/cjs/loader:1469:14)
[ ERR ] [2025-06-27 12:24:23 GMT+7] AssertionError [ERR_ASSERTION]: NODE_ENV is required
    at Object.<anonymous> (/home/devilish/Desktop/Hour Booster (Dashboard & Bot/src/environments.js:15:1)
    at Module._compile (node:internal/modules/cjs/loader:1469:14)
    at Module._extensions..js (node:internal/modules/cjs/loader:1548:10)
    at Module.load (node:internal/modules/cjs/loader:1288:32)
    at Module._load (node:internal/modules/cjs/loader:1104:12)
    at Module.require (node:internal/modules/cjs/loader:1311:19)
    at Hook._require.Module.require (/usr/local/nodejs/lib/node_modules/pm2/node_modules/require-in-the-middle/index.js:101:39)
    at require (node:internal/modules/helpers:179:18)
    at Object.<anonymous> (/home/devilish/Desktop/Hour Booster (Dashboard & Bot/src/discord-bot/index.js:11:22)
    at Module._compile (node:internal/modules/cjs/loader:1469:14)
[ ERR ] [2025-06-27 12:24:26 GMT+7] AssertionError [ERR_ASSERTION]: NODE_ENV is required
    at Object.<anonymous> (/home/devilish/Desktop/Hour Booster (Dashboard & Bot/src/environments.js:15:1)
    at Module._compile (node:internal/modules/cjs/loader:1469:14)
    at Module._extensions..js (node:internal/modules/cjs/loader:1548:10)
    at Module.load (node:internal/modules/cjs/loader:1288:32)
    at Module._load (node:internal/modules/cjs/loader:1104:12)
    at Module.require (node:internal/modules/cjs/loader:1311:19)
    at Hook._require.Module.require (/usr/local/nodejs/lib/node_modules/pm2/node_modules/require-in-the-middle/index.js:101:39)
    at require (node:internal/modules/helpers:179:18)
    at Object.<anonymous> (/home/devilish/Desktop/Hour Booster (Dashboard & Bot/src/discord-bot/index.js:11:22)
    at Module._compile (node:internal/modules/cjs/loader:1469:14)
[ ERR ] [2025-06-27 12:24:29 GMT+7] AssertionError [ERR_ASSERTION]: NODE_ENV is required
    at Object.<anonymous> (/home/devilish/Desktop/Hour Booster (Dashboard & Bot/src/environments.js:15:1)
    at Module._compile (node:internal/modules/cjs/loader:1469:14)
    at Module._extensions..js (node:internal/modules/cjs/loader:1548:10)
    at Module.load (node:internal/modules/cjs/loader:1288:32)
    at Module._load (node:internal/modules/cjs/loader:1104:12)
    at Module.require (node:internal/modules/cjs/loader:1311:19)
    at Hook._require.Module.require (/usr/local/nodejs/lib/node_modules/pm2/node_modules/require-in-the-middle/index.js:101:39)
    at require (node:internal/modules/helpers:179:18)
    at Object.<anonymous> (/home/devilish/Desktop/Hour Booster (Dashboard & Bot/src/discord-bot/index.js:11:22)
    at Module._compile (node:internal/modules/cjs/loader:1469:14)
[ ERR ] [2025-06-27 12:24:32 GMT+7] AssertionError [ERR_ASSERTION]: NODE_ENV is required
    at Object.<anonymous> (/home/devilish/Desktop/Hour Booster (Dashboard & Bot/src/environments.js:15:1)
    at Module._compile (node:internal/modules/cjs/loader:1469:14)
    at Module._extensions..js (node:internal/modules/cjs/loader:1548:10)
    at Module.load (node:internal/modules/cjs/loader:1288:32)
    at Module._load (node:internal/modules/cjs/loader:1104:12)
    at Module.require (node:internal/modules/cjs/loader:1311:19)
    at Hook._require.Module.require (/usr/local/nodejs/lib/node_modules/pm2/node_modules/require-in-the-middle/index.js:101:39)
    at require (node:internal/modules/helpers:179:18)
    at Object.<anonymous> (/home/devilish/Desktop/Hour Booster (Dashboard & Bot/src/discord-bot/index.js:11:22)
    at Module._compile (node:internal/modules/cjs/loader:1469:14)
[ ERR ] [2025-06-27 12:24:35 GMT+7] AssertionError [ERR_ASSERTION]: NODE_ENV is required
    at Object.<anonymous> (/home/devilish/Desktop/Hour Booster (Dashboard & Bot/src/environments.js:15:1)
    at Module._compile (node:internal/modules/cjs/loader:1469:14)
    at Module._extensions..js (node:internal/modules/cjs/loader:1548:10)
    at Module.load (node:internal/modules/cjs/loader:1288:32)
    at Module._load (node:internal/modules/cjs/loader:1104:12)
    at Module.require (node:internal/modules/cjs/loader:1311:19)
    at Hook._require.Module.require (/usr/local/nodejs/lib/node_modules/pm2/node_modules/require-in-the-middle/index.js:101:39)
    at require (node:internal/modules/helpers:179:18)
    at Object.<anonymous> (/home/devilish/Desktop/Hour Booster (Dashboard & Bot/src/discord-bot/index.js:11:22)
    at Module._compile (node:internal/modules/cjs/loader:1469:14)
[ ERR ] [2025-06-27 12:24:38 GMT+7] AssertionError [ERR_ASSERTION]: NODE_ENV is required
    at Object.<anonymous> (/home/devilish/Desktop/Hour Booster (Dashboard & Bot/src/environments.js:15:1)
    at Module._compile (node:internal/modules/cjs/loader:1469:14)
    at Module._extensions..js (node:internal/modules/cjs/loader:1548:10)
    at Module.load (node:internal/modules/cjs/loader:1288:32)
    at Module._load (node:internal/modules/cjs/loader:1104:12)
    at Module.require (node:internal/modules/cjs/loader:1311:19)
    at Hook._require.Module.require (/usr/local/nodejs/lib/node_modules/pm2/node_modules/require-in-the-middle/index.js:101:39)
    at require (node:internal/modules/helpers:179:18)
    at Object.<anonymous> (/home/devilish/Desktop/Hour Booster (Dashboard & Bot/src/discord-bot/index.js:11:22)
    at Module._compile (node:internal/modules/cjs/loader:1469:14)
[ ERR ] [2025-06-27 12:24:41 GMT+7] AssertionError [ERR_ASSERTION]: NODE_ENV is required
    at Object.<anonymous> (/home/devilish/Desktop/Hour Booster (Dashboard & Bot/src/environments.js:15:1)
    at Module._compile (node:internal/modules/cjs/loader:1469:14)
    at Module._extensions..js (node:internal/modules/cjs/loader:1548:10)
    at Module.load (node:internal/modules/cjs/loader:1288:32)
    at Module._load (node:internal/modules/cjs/loader:1104:12)
    at Module.require (node:internal/modules/cjs/loader:1311:19)
    at Hook._require.Module.require (/usr/local/nodejs/lib/node_modules/pm2/node_modules/require-in-the-middle/index.js:101:39)
    at require (node:internal/modules/helpers:179:18)
    at Object.<anonymous> (/home/devilish/Desktop/Hour Booster (Dashboard & Bot/src/discord-bot/index.js:11:22)
    at Module._compile (node:internal/modules/cjs/loader:1469:14)
[ ERR ] [2025-06-27 12:24:44 GMT+7] AssertionError [ERR_ASSERTION]: NODE_ENV is required
    at Object.<anonymous> (/home/devilish/Desktop/Hour Booster (Dashboard & Bot/src/environments.js:15:1)
    at Module._compile (node:internal/modules/cjs/loader:1469:14)
    at Module._extensions..js (node:internal/modules/cjs/loader:1548:10)
    at Module.load (node:internal/modules/cjs/loader:1288:32)
    at Module._load (node:internal/modules/cjs/loader:1104:12)
    at Module.require (node:internal/modules/cjs/loader:1311:19)
    at Hook._require.Module.require (/usr/local/nodejs/lib/node_modules/pm2/node_modules/require-in-the-middle/index.js:101:39)
    at require (node:internal/modules/helpers:179:18)
    at Object.<anonymous> (/home/devilish/Desktop/Hour Booster (Dashboard & Bot/src/discord-bot/index.js:11:22)
    at Module._compile (node:internal/modules/cjs/loader:1469:14)
[ ERR ] [2025-06-27 12:24:47 GMT+7] AssertionError [ERR_ASSERTION]: NODE_ENV is required
    at Object.<anonymous> (/home/devilish/Desktop/Hour Booster (Dashboard & Bot/src/environments.js:15:1)
    at Module._compile (node:internal/modules/cjs/loader:1469:14)
    at Module._extensions..js (node:internal/modules/cjs/loader:1548:10)
    at Module.load (node:internal/modules/cjs/loader:1288:32)
    at Module._load (node:internal/modules/cjs/loader:1104:12)
    at Module.require (node:internal/modules/cjs/loader:1311:19)
    at Hook._require.Module.require (/usr/local/nodejs/lib/node_modules/pm2/node_modules/require-in-the-middle/index.js:101:39)
    at require (node:internal/modules/helpers:179:18)
    at Object.<anonymous> (/home/devilish/Desktop/Hour Booster (Dashboard & Bot/src/discord-bot/index.js:11:22)
    at Module._compile (node:internal/modules/cjs/loader:1469:14)
[ ERR ] [2025-06-27 12:24:51 GMT+7] AssertionError [ERR_ASSERTION]: NODE_ENV is required
    at Object.<anonymous> (/home/devilish/Desktop/Hour Booster (Dashboard & Bot/src/environments.js:15:1)
    at Module._compile (node:internal/modules/cjs/loader:1469:14)
    at Module._extensions..js (node:internal/modules/cjs/loader:1548:10)
    at Module.load (node:internal/modules/cjs/loader:1288:32)
    at Module._load (node:internal/modules/cjs/loader:1104:12)
    at Module.require (node:internal/modules/cjs/loader:1311:19)
    at Hook._require.Module.require (/usr/local/nodejs/lib/node_modules/pm2/node_modules/require-in-the-middle/index.js:101:39)
    at require (node:internal/modules/helpers:179:18)
    at Object.<anonymous> (/home/devilish/Desktop/Hour Booster (Dashboard & Bot/src/discord-bot/index.js:11:22)
    at Module._compile (node:internal/modules/cjs/loader:1469:14)
[ ERR ] [2025-06-27 12:24:54 GMT+7] AssertionError [ERR_ASSERTION]: NODE_ENV is required
    at Object.<anonymous> (/home/devilish/Desktop/Hour Booster (Dashboard & Bot/src/environments.js:15:1)
    at Module._compile (node:internal/modules/cjs/loader:1469:14)
    at Module._extensions..js (node:internal/modules/cjs/loader:1548:10)
    at Module.load (node:internal/modules/cjs/loader:1288:32)
    at Module._load (node:internal/modules/cjs/loader:1104:12)
    at Module.require (node:internal/modules/cjs/loader:1311:19)
    at Hook._require.Module.require (/usr/local/nodejs/lib/node_modules/pm2/node_modules/require-in-the-middle/index.js:101:39)
    at require (node:internal/modules/helpers:179:18)
    at Object.<anonymous> (/home/devilish/Desktop/Hour Booster (Dashboard & Bot/src/discord-bot/index.js:11:22)
    at Module._compile (node:internal/modules/cjs/loader:1469:14)
[ ERR ] [2025-06-27 12:24:57 GMT+7] AssertionError [ERR_ASSERTION]: NODE_ENV is required
    at Object.<anonymous> (/home/devilish/Desktop/Hour Booster (Dashboard & Bot/src/environments.js:15:1)
    at Module._compile (node:internal/modules/cjs/loader:1469:14)
    at Module._extensions..js (node:internal/modules/cjs/loader:1548:10)
    at Module.load (node:internal/modules/cjs/loader:1288:32)
    at Module._load (node:internal/modules/cjs/loader:1104:12)
    at Module.require (node:internal/modules/cjs/loader:1311:19)
    at Hook._require.Module.require (/usr/local/nodejs/lib/node_modules/pm2/node_modules/require-in-the-middle/index.js:101:39)
    at require (node:internal/modules/helpers:179:18)
    at Object.<anonymous> (/home/devilish/Desktop/Hour Booster (Dashboard & Bot/src/discord-bot/index.js:11:22)
    at Module._compile (node:internal/modules/cjs/loader:1469:14)
[ ERR ] [2025-06-27 12:25:00 GMT+7] AssertionError [ERR_ASSERTION]: NODE_ENV is required
    at Object.<anonymous> (/home/devilish/Desktop/Hour Booster (Dashboard & Bot/src/environments.js:15:1)
    at Module._compile (node:internal/modules/cjs/loader:1469:14)
    at Module._extensions..js (node:internal/modules/cjs/loader:1548:10)
    at Module.load (node:internal/modules/cjs/loader:1288:32)
    at Module._load (node:internal/modules/cjs/loader:1104:12)
    at Module.require (node:internal/modules/cjs/loader:1311:19)
    at Hook._require.Module.require (/usr/local/nodejs/lib/node_modules/pm2/node_modules/require-in-the-middle/index.js:101:39)
    at require (node:internal/modules/helpers:179:18)
    at Object.<anonymous> (/home/devilish/Desktop/Hour Booster (Dashboard & Bot/src/discord-bot/index.js:11:22)
    at Module._compile (node:internal/modules/cjs/loader:1469:14)
[ ERR ] [2025-06-27 12:25:03 GMT+7] AssertionError [ERR_ASSERTION]: NODE_ENV is required
    at Object.<anonymous> (/home/devilish/Desktop/Hour Booster (Dashboard & Bot/src/environments.js:15:1)
    at Module._compile (node:internal/modules/cjs/loader:1469:14)
    at Module._extensions..js (node:internal/modules/cjs/loader:1548:10)
    at Module.load (node:internal/modules/cjs/loader:1288:32)
    at Module._load (node:internal/modules/cjs/loader:1104:12)
    at Module.require (node:internal/modules/cjs/loader:1311:19)
    at Hook._require.Module.require (/usr/local/nodejs/lib/node_modules/pm2/node_modules/require-in-the-middle/index.js:101:39)
    at require (node:internal/modules/helpers:179:18)
    at Object.<anonymous> (/home/devilish/Desktop/Hour Booster (Dashboard & Bot/src/discord-bot/index.js:11:22)
    at Module._compile (node:internal/modules/cjs/loader:1469:14)
[ ERR ] [2025-06-27 12:25:06 GMT+7] AssertionError [ERR_ASSERTION]: NODE_ENV is required
    at Object.<anonymous> (/home/devilish/Desktop/Hour Booster (Dashboard & Bot/src/environments.js:15:1)
    at Module._compile (node:internal/modules/cjs/loader:1469:14)
    at Module._extensions..js (node:internal/modules/cjs/loader:1548:10)
    at Module.load (node:internal/modules/cjs/loader:1288:32)
    at Module._load (node:internal/modules/cjs/loader:1104:12)
    at Module.require (node:internal/modules/cjs/loader:1311:19)
    at Hook._require.Module.require (/usr/local/nodejs/lib/node_modules/pm2/node_modules/require-in-the-middle/index.js:101:39)
    at require (node:internal/modules/helpers:179:18)
    at Object.<anonymous> (/home/devilish/Desktop/Hour Booster (Dashboard & Bot/src/discord-bot/index.js:11:22)
    at Module._compile (node:internal/modules/cjs/loader:1469:14)
[ ERR ] [2025-06-27 12:25:09 GMT+7] AssertionError [ERR_ASSERTION]: NODE_ENV is required
    at Object.<anonymous> (/home/devilish/Desktop/Hour Booster (Dashboard & Bot/src/environments.js:15:1)
    at Module._compile (node:internal/modules/cjs/loader:1469:14)
    at Module._extensions..js (node:internal/modules/cjs/loader:1548:10)
    at Module.load (node:internal/modules/cjs/loader:1288:32)
    at Module._load (node:internal/modules/cjs/loader:1104:12)
    at Module.require (node:internal/modules/cjs/loader:1311:19)
    at Hook._require.Module.require (/usr/local/nodejs/lib/node_modules/pm2/node_modules/require-in-the-middle/index.js:101:39)
    at require (node:internal/modules/helpers:179:18)
    at Object.<anonymous> (/home/devilish/Desktop/Hour Booster (Dashboard & Bot/src/discord-bot/index.js:11:22)
    at Module._compile (node:internal/modules/cjs/loader:1469:14)
[ ERR ] [2025-06-27 12:25:12 GMT+7] AssertionError [ERR_ASSERTION]: NODE_ENV is required
    at Object.<anonymous> (/home/devilish/Desktop/Hour Booster (Dashboard & Bot/src/environments.js:15:1)
    at Module._compile (node:internal/modules/cjs/loader:1469:14)
    at Module._extensions..js (node:internal/modules/cjs/loader:1548:10)
    at Module.load (node:internal/modules/cjs/loader:1288:32)
    at Module._load (node:internal/modules/cjs/loader:1104:12)
    at Module.require (node:internal/modules/cjs/loader:1311:19)
    at Hook._require.Module.require (/usr/local/nodejs/lib/node_modules/pm2/node_modules/require-in-the-middle/index.js:101:39)
    at require (node:internal/modules/helpers:179:18)
    at Object.<anonymous> (/home/devilish/Desktop/Hour Booster (Dashboard & Bot/src/discord-bot/index.js:11:22)
    at Module._compile (node:internal/modules/cjs/loader:1469:14)
[ ERR ] [2025-06-27 12:25:15 GMT+7] AssertionError [ERR_ASSERTION]: NODE_ENV is required
    at Object.<anonymous> (/home/devilish/Desktop/Hour Booster (Dashboard & Bot/src/environments.js:15:1)
    at Module._compile (node:internal/modules/cjs/loader:1469:14)
    at Module._extensions..js (node:internal/modules/cjs/loader:1548:10)
    at Module.load (node:internal/modules/cjs/loader:1288:32)
    at Module._load (node:internal/modules/cjs/loader:1104:12)
    at Module.require (node:internal/modules/cjs/loader:1311:19)
    at Hook._require.Module.require (/usr/local/nodejs/lib/node_modules/pm2/node_modules/require-in-the-middle/index.js:101:39)
    at require (node:internal/modules/helpers:179:18)
    at Object.<anonymous> (/home/devilish/Desktop/Hour Booster (Dashboard & Bot/src/discord-bot/index.js:11:22)
    at Module._compile (node:internal/modules/cjs/loader:1469:14)
[ ERR ] [2025-06-27 12:25:19 GMT+7] AssertionError [ERR_ASSERTION]: NODE_ENV is required
    at Object.<anonymous> (/home/devilish/Desktop/Hour Booster (Dashboard & Bot/src/environments.js:15:1)
    at Module._compile (node:internal/modules/cjs/loader:1469:14)
    at Module._extensions..js (node:internal/modules/cjs/loader:1548:10)
    at Module.load (node:internal/modules/cjs/loader:1288:32)
    at Module._load (node:internal/modules/cjs/loader:1104:12)
    at Module.require (node:internal/modules/cjs/loader:1311:19)
    at Hook._require.Module.require (/usr/local/nodejs/lib/node_modules/pm2/node_modules/require-in-the-middle/index.js:101:39)
    at require (node:internal/modules/helpers:179:18)
    at Object.<anonymous> (/home/devilish/Desktop/Hour Booster (Dashboard & Bot/src/discord-bot/index.js:11:22)
    at Module._compile (node:internal/modules/cjs/loader:1469:14)
[ ERR ] [2025-06-27 12:25:22 GMT+7] AssertionError [ERR_ASSERTION]: NODE_ENV is required
    at Object.<anonymous> (/home/devilish/Desktop/Hour Booster (Dashboard & Bot/src/environments.js:15:1)
    at Module._compile (node:internal/modules/cjs/loader:1469:14)
    at Module._extensions..js (node:internal/modules/cjs/loader:1548:10)
    at Module.load (node:internal/modules/cjs/loader:1288:32)
    at Module._load (node:internal/modules/cjs/loader:1104:12)
    at Module.require (node:internal/modules/cjs/loader:1311:19)
    at Hook._require.Module.require (/usr/local/nodejs/lib/node_modules/pm2/node_modules/require-in-the-middle/index.js:101:39)
    at require (node:internal/modules/helpers:179:18)
    at Object.<anonymous> (/home/devilish/Desktop/Hour Booster (Dashboard & Bot/src/discord-bot/index.js:11:22)
    at Module._compile (node:internal/modules/cjs/loader:1469:14)
[ ERR ] [2025-06-27 12:25:25 GMT+7] AssertionError [ERR_ASSERTION]: NODE_ENV is required
    at Object.<anonymous> (/home/devilish/Desktop/Hour Booster (Dashboard & Bot/src/environments.js:15:1)
    at Module._compile (node:internal/modules/cjs/loader:1469:14)
    at Module._extensions..js (node:internal/modules/cjs/loader:1548:10)
    at Module.load (node:internal/modules/cjs/loader:1288:32)
    at Module._load (node:internal/modules/cjs/loader:1104:12)
    at Module.require (node:internal/modules/cjs/loader:1311:19)
    at Hook._require.Module.require (/usr/local/nodejs/lib/node_modules/pm2/node_modules/require-in-the-middle/index.js:101:39)
    at require (node:internal/modules/helpers:179:18)
    at Object.<anonymous> (/home/devilish/Desktop/Hour Booster (Dashboard & Bot/src/discord-bot/index.js:11:22)
    at Module._compile (node:internal/modules/cjs/loader:1469:14)
[ ERR ] [2025-06-27 12:25:28 GMT+7] AssertionError [ERR_ASSERTION]: NODE_ENV is required
    at Object.<anonymous> (/home/devilish/Desktop/Hour Booster (Dashboard & Bot/src/environments.js:15:1)
    at Module._compile (node:internal/modules/cjs/loader:1469:14)
    at Module._extensions..js (node:internal/modules/cjs/loader:1548:10)
    at Module.load (node:internal/modules/cjs/loader:1288:32)
    at Module._load (node:internal/modules/cjs/loader:1104:12)
    at Module.require (node:internal/modules/cjs/loader:1311:19)
    at Hook._require.Module.require (/usr/local/nodejs/lib/node_modules/pm2/node_modules/require-in-the-middle/index.js:101:39)
    at require (node:internal/modules/helpers:179:18)
    at Object.<anonymous> (/home/devilish/Desktop/Hour Booster (Dashboard & Bot/src/discord-bot/index.js:11:22)
    at Module._compile (node:internal/modules/cjs/loader:1469:14)
[ ERR ] [2025-06-27 12:25:31 GMT+7] AssertionError [ERR_ASSERTION]: NODE_ENV is required
    at Object.<anonymous> (/home/devilish/Desktop/Hour Booster (Dashboard & Bot/src/environments.js:15:1)
    at Module._compile (node:internal/modules/cjs/loader:1469:14)
    at Module._extensions..js (node:internal/modules/cjs/loader:1548:10)
    at Module.load (node:internal/modules/cjs/loader:1288:32)
    at Module._load (node:internal/modules/cjs/loader:1104:12)
    at Module.require (node:internal/modules/cjs/loader:1311:19)
    at Hook._require.Module.require (/usr/local/nodejs/lib/node_modules/pm2/node_modules/require-in-the-middle/index.js:101:39)
    at require (node:internal/modules/helpers:179:18)
    at Object.<anonymous> (/home/devilish/Desktop/Hour Booster (Dashboard & Bot/src/discord-bot/index.js:11:22)
    at Module._compile (node:internal/modules/cjs/loader:1469:14)
[ ERR ] [2025-06-27 12:25:34 GMT+7] AssertionError [ERR_ASSERTION]: NODE_ENV is required
    at Object.<anonymous> (/home/devilish/Desktop/Hour Booster (Dashboard & Bot/src/environments.js:15:1)
    at Module._compile (node:internal/modules/cjs/loader:1469:14)
    at Module._extensions..js (node:internal/modules/cjs/loader:1548:10)
    at Module.load (node:internal/modules/cjs/loader:1288:32)
    at Module._load (node:internal/modules/cjs/loader:1104:12)
    at Module.require (node:internal/modules/cjs/loader:1311:19)
    at Hook._require.Module.require (/usr/local/nodejs/lib/node_modules/pm2/node_modules/require-in-the-middle/index.js:101:39)
    at require (node:internal/modules/helpers:179:18)
    at Object.<anonymous> (/home/devilish/Desktop/Hour Booster (Dashboard & Bot/src/discord-bot/index.js:11:22)
    at Module._compile (node:internal/modules/cjs/loader:1469:14)
[ ERR ] [2025-06-27 12:25:37 GMT+7] AssertionError [ERR_ASSERTION]: NODE_ENV is required
    at Object.<anonymous> (/home/devilish/Desktop/Hour Booster (Dashboard & Bot/src/environments.js:15:1)
    at Module._compile (node:internal/modules/cjs/loader:1469:14)
    at Module._extensions..js (node:internal/modules/cjs/loader:1548:10)
    at Module.load (node:internal/modules/cjs/loader:1288:32)
    at Module._load (node:internal/modules/cjs/loader:1104:12)
    at Module.require (node:internal/modules/cjs/loader:1311:19)
    at Hook._require.Module.require (/usr/local/nodejs/lib/node_modules/pm2/node_modules/require-in-the-middle/index.js:101:39)
    at require (node:internal/modules/helpers:179:18)
    at Object.<anonymous> (/home/devilish/Desktop/Hour Booster (Dashboard & Bot/src/discord-bot/index.js:11:22)
    at Module._compile (node:internal/modules/cjs/loader:1469:14)
[ ERR ] [2025-06-27 12:25:40 GMT+7] AssertionError [ERR_ASSERTION]: NODE_ENV is required
    at Object.<anonymous> (/home/devilish/Desktop/Hour Booster (Dashboard & Bot/src/environments.js:15:1)
    at Module._compile (node:internal/modules/cjs/loader:1469:14)
    at Module._extensions..js (node:internal/modules/cjs/loader:1548:10)
    at Module.load (node:internal/modules/cjs/loader:1288:32)
    at Module._load (node:internal/modules/cjs/loader:1104:12)
    at Module.require (node:internal/modules/cjs/loader:1311:19)
    at Hook._require.Module.require (/usr/local/nodejs/lib/node_modules/pm2/node_modules/require-in-the-middle/index.js:101:39)
    at require (node:internal/modules/helpers:179:18)
    at Object.<anonymous> (/home/devilish/Desktop/Hour Booster (Dashboard & Bot/src/discord-bot/index.js:11:22)
    at Module._compile (node:internal/modules/cjs/loader:1469:14)
[ ERR ] [2025-06-27 12:25:43 GMT+7] AssertionError [ERR_ASSERTION]: NODE_ENV is required
    at Object.<anonymous> (/home/devilish/Desktop/Hour Booster (Dashboard & Bot/src/environments.js:15:1)
    at Module._compile (node:internal/modules/cjs/loader:1469:14)
    at Module._extensions..js (node:internal/modules/cjs/loader:1548:10)
    at Module.load (node:internal/modules/cjs/loader:1288:32)
    at Module._load (node:internal/modules/cjs/loader:1104:12)
    at Module.require (node:internal/modules/cjs/loader:1311:19)
    at Hook._require.Module.require (/usr/local/nodejs/lib/node_modules/pm2/node_modules/require-in-the-middle/index.js:101:39)
    at require (node:internal/modules/helpers:179:18)
    at Object.<anonymous> (/home/devilish/Desktop/Hour Booster (Dashboard & Bot/src/discord-bot/index.js:11:22)
    at Module._compile (node:internal/modules/cjs/loader:1469:14)
[ ERR ] [2025-06-27 12:25:46 GMT+7] AssertionError [ERR_ASSERTION]: NODE_ENV is required
    at Object.<anonymous> (/home/devilish/Desktop/Hour Booster (Dashboard & Bot/src/environments.js:15:1)
    at Module._compile (node:internal/modules/cjs/loader:1469:14)
    at Module._extensions..js (node:internal/modules/cjs/loader:1548:10)
    at Module.load (node:internal/modules/cjs/loader:1288:32)
    at Module._load (node:internal/modules/cjs/loader:1104:12)
    at Module.require (node:internal/modules/cjs/loader:1311:19)
    at Hook._require.Module.require (/usr/local/nodejs/lib/node_modules/pm2/node_modules/require-in-the-middle/index.js:101:39)
    at require (node:internal/modules/helpers:179:18)
    at Object.<anonymous> (/home/devilish/Desktop/Hour Booster (Dashboard & Bot/src/discord-bot/index.js:11:22)
    at Module._compile (node:internal/modules/cjs/loader:1469:14)
[ ERR ] [2025-06-27 12:25:50 GMT+7] AssertionError [ERR_ASSERTION]: NODE_ENV is required
    at Object.<anonymous> (/home/devilish/Desktop/Hour Booster (Dashboard & Bot/src/environments.js:15:1)
    at Module._compile (node:internal/modules/cjs/loader:1469:14)
    at Module._extensions..js (node:internal/modules/cjs/loader:1548:10)
    at Module.load (node:internal/modules/cjs/loader:1288:32)
    at Module._load (node:internal/modules/cjs/loader:1104:12)
    at Module.require (node:internal/modules/cjs/loader:1311:19)
    at Hook._require.Module.require (/usr/local/nodejs/lib/node_modules/pm2/node_modules/require-in-the-middle/index.js:101:39)
    at require (node:internal/modules/helpers:179:18)
    at Object.<anonymous> (/home/devilish/Desktop/Hour Booster (Dashboard & Bot/src/discord-bot/index.js:11:22)
    at Module._compile (node:internal/modules/cjs/loader:1469:14)
[ ERR ] [2025-06-27 12:25:53 GMT+7] AssertionError [ERR_ASSERTION]: NODE_ENV is required
    at Object.<anonymous> (/home/devilish/Desktop/Hour Booster (Dashboard & Bot/src/environments.js:15:1)
    at Module._compile (node:internal/modules/cjs/loader:1469:14)
    at Module._extensions..js (node:internal/modules/cjs/loader:1548:10)
    at Module.load (node:internal/modules/cjs/loader:1288:32)
    at Module._load (node:internal/modules/cjs/loader:1104:12)
    at Module.require (node:internal/modules/cjs/loader:1311:19)
    at Hook._require.Module.require (/usr/local/nodejs/lib/node_modules/pm2/node_modules/require-in-the-middle/index.js:101:39)
    at require (node:internal/modules/helpers:179:18)
    at Object.<anonymous> (/home/devilish/Desktop/Hour Booster (Dashboard & Bot/src/discord-bot/index.js:11:22)
    at Module._compile (node:internal/modules/cjs/loader:1469:14)
[ ERR ] [2025-06-27 12:25:56 GMT+7] AssertionError [ERR_ASSERTION]: NODE_ENV is required
    at Object.<anonymous> (/home/devilish/Desktop/Hour Booster (Dashboard & Bot/src/environments.js:15:1)
    at Module._compile (node:internal/modules/cjs/loader:1469:14)
    at Module._extensions..js (node:internal/modules/cjs/loader:1548:10)
    at Module.load (node:internal/modules/cjs/loader:1288:32)
    at Module._load (node:internal/modules/cjs/loader:1104:12)
    at Module.require (node:internal/modules/cjs/loader:1311:19)
    at Hook._require.Module.require (/usr/local/nodejs/lib/node_modules/pm2/node_modules/require-in-the-middle/index.js:101:39)
    at require (node:internal/modules/helpers:179:18)
    at Object.<anonymous> (/home/devilish/Desktop/Hour Booster (Dashboard & Bot/src/discord-bot/index.js:11:22)
    at Module._compile (node:internal/modules/cjs/loader:1469:14)
[ ERR ] [2025-06-27 12:25:59 GMT+7] AssertionError [ERR_ASSERTION]: NODE_ENV is required
    at Object.<anonymous> (/home/devilish/Desktop/Hour Booster (Dashboard & Bot/src/environments.js:15:1)
    at Module._compile (node:internal/modules/cjs/loader:1469:14)
    at Module._extensions..js (node:internal/modules/cjs/loader:1548:10)
    at Module.load (node:internal/modules/cjs/loader:1288:32)
    at Module._load (node:internal/modules/cjs/loader:1104:12)
    at Module.require (node:internal/modules/cjs/loader:1311:19)
    at Hook._require.Module.require (/usr/local/nodejs/lib/node_modules/pm2/node_modules/require-in-the-middle/index.js:101:39)
    at require (node:internal/modules/helpers:179:18)
    at Object.<anonymous> (/home/devilish/Desktop/Hour Booster (Dashboard & Bot/src/discord-bot/index.js:11:22)
    at Module._compile (node:internal/modules/cjs/loader:1469:14)
[ ERR ] [2025-06-27 12:26:02 GMT+7] AssertionError [ERR_ASSERTION]: NODE_ENV is required
    at Object.<anonymous> (/home/devilish/Desktop/Hour Booster (Dashboard & Bot/src/environments.js:15:1)
    at Module._compile (node:internal/modules/cjs/loader:1469:14)
    at Module._extensions..js (node:internal/modules/cjs/loader:1548:10)
    at Module.load (node:internal/modules/cjs/loader:1288:32)
    at Module._load (node:internal/modules/cjs/loader:1104:12)
    at Module.require (node:internal/modules/cjs/loader:1311:19)
    at Hook._require.Module.require (/usr/local/nodejs/lib/node_modules/pm2/node_modules/require-in-the-middle/index.js:101:39)
    at require (node:internal/modules/helpers:179:18)
    at Object.<anonymous> (/home/devilish/Desktop/Hour Booster (Dashboard & Bot/src/discord-bot/index.js:11:22)
    at Module._compile (node:internal/modules/cjs/loader:1469:14)
[ ERR ] [2025-06-27 12:26:05 GMT+7] AssertionError [ERR_ASSERTION]: NODE_ENV is required
    at Object.<anonymous> (/home/devilish/Desktop/Hour Booster (Dashboard & Bot/src/environments.js:15:1)
    at Module._compile (node:internal/modules/cjs/loader:1469:14)
    at Module._extensions..js (node:internal/modules/cjs/loader:1548:10)
    at Module.load (node:internal/modules/cjs/loader:1288:32)
    at Module._load (node:internal/modules/cjs/loader:1104:12)
    at Module.require (node:internal/modules/cjs/loader:1311:19)
    at Hook._require.Module.require (/usr/local/nodejs/lib/node_modules/pm2/node_modules/require-in-the-middle/index.js:101:39)
    at require (node:internal/modules/helpers:179:18)
    at Object.<anonymous> (/home/devilish/Desktop/Hour Booster (Dashboard & Bot/src/discord-bot/index.js:11:22)
    at Module._compile (node:internal/modules/cjs/loader:1469:14)
                                                                                                                                                                                                                                                                                                                                                                                                                                                                                                                                                                                                                                                                                                                                                                                                                                                                                                                                                                                                                                                                                                                                                                                                                                                                                                                                                                                                                                                                                                                                                                                                                                                                                                                                                                                                                                                                                                                                                                                                                                                                                                                                                                                                                                                                                                                                                                                                                                                                                                                                                                                                                                                                                                                                                            [ ERR ] [2025-07-14 09:59:12 GMT+7] AssertionError [ERR_ASSERTION]: NODE_ENV is required
    at Object.<anonymous> (/home/devilish/Hour Booster/src/environments.js:15:1)
    at Module._compile (node:internal/modules/cjs/loader:1529:14)
    at Module._extensions..js (node:internal/modules/cjs/loader:1613:10)
    at Module.load (node:internal/modules/cjs/loader:1275:32)
    at Module._load (node:internal/modules/cjs/loader:1096:12)
    at Module.require (node:internal/modules/cjs/loader:1298:19)
    at Hook._require.Module.require (/usr/lib/node_modules/pm2/node_modules/require-in-the-middle/index.js:101:39)
    at require (node:internal/modules/helpers:182:18)
    at Object.<anonymous> (/home/devilish/Hour Booster/src/discord-bot/index.js:11:22)
    at Module._compile (node:internal/modules/cjs/loader:1529:14)
[ ERR ] [2025-07-14 09:59:15 GMT+7] AssertionError [ERR_ASSERTION]: NODE_ENV is required
    at Object.<anonymous> (/home/devilish/Hour Booster/src/environments.js:15:1)
    at Module._compile (node:internal/modules/cjs/loader:1529:14)
    at Module._extensions..js (node:internal/modules/cjs/loader:1613:10)
    at Module.load (node:internal/modules/cjs/loader:1275:32)
    at Module._load (node:internal/modules/cjs/loader:1096:12)
    at Module.require (node:internal/modules/cjs/loader:1298:19)
    at Hook._require.Module.require (/usr/lib/node_modules/pm2/node_modules/require-in-the-middle/index.js:101:39)
    at require (node:internal/modules/helpers:182:18)
    at Object.<anonymous> (/home/devilish/Hour Booster/src/discord-bot/index.js:11:22)
    at Module._compile (node:internal/modules/cjs/loader:1529:14)
[ ERR ] [2025-07-14 09:59:18 GMT+7] AssertionError [ERR_ASSERTION]: NODE_ENV is required
    at Object.<anonymous> (/home/devilish/Hour Booster/src/environments.js:15:1)
    at Module._compile (node:internal/modules/cjs/loader:1529:14)
    at Module._extensions..js (node:internal/modules/cjs/loader:1613:10)
    at Module.load (node:internal/modules/cjs/loader:1275:32)
    at Module._load (node:internal/modules/cjs/loader:1096:12)
    at Module.require (node:internal/modules/cjs/loader:1298:19)
    at Hook._require.Module.require (/usr/lib/node_modules/pm2/node_modules/require-in-the-middle/index.js:101:39)
    at require (node:internal/modules/helpers:182:18)
    at Object.<anonymous> (/home/devilish/Hour Booster/src/discord-bot/index.js:11:22)
    at Module._compile (node:internal/modules/cjs/loader:1529:14)
[ ERR ] [2025-07-14 09:59:21 GMT+7] AssertionError [ERR_ASSERTION]: NODE_ENV is required
    at Object.<anonymous> (/home/devilish/Hour Booster/src/environments.js:15:1)
    at Module._compile (node:internal/modules/cjs/loader:1529:14)
    at Module._extensions..js (node:internal/modules/cjs/loader:1613:10)
    at Module.load (node:internal/modules/cjs/loader:1275:32)
    at Module._load (node:internal/modules/cjs/loader:1096:12)
    at Module.require (node:internal/modules/cjs/loader:1298:19)
    at Hook._require.Module.require (/usr/lib/node_modules/pm2/node_modules/require-in-the-middle/index.js:101:39)
    at require (node:internal/modules/helpers:182:18)
    at Object.<anonymous> (/home/devilish/Hour Booster/src/discord-bot/index.js:11:22)
    at Module._compile (node:internal/modules/cjs/loader:1529:14)
[ ERR ] [2025-07-14 09:59:24 GMT+7] AssertionError [ERR_ASSERTION]: NODE_ENV is required
    at Object.<anonymous> (/home/devilish/Hour Booster/src/environments.js:15:1)
    at Module._compile (node:internal/modules/cjs/loader:1529:14)
    at Module._extensions..js (node:internal/modules/cjs/loader:1613:10)
    at Module.load (node:internal/modules/cjs/loader:1275:32)
    at Module._load (node:internal/modules/cjs/loader:1096:12)
    at Module.require (node:internal/modules/cjs/loader:1298:19)
    at Hook._require.Module.require (/usr/lib/node_modules/pm2/node_modules/require-in-the-middle/index.js:101:39)
    at require (node:internal/modules/helpers:182:18)
    at Object.<anonymous> (/home/devilish/Hour Booster/src/discord-bot/index.js:11:22)
    at Module._compile (node:internal/modules/cjs/loader:1529:14)
[ ERR ] [2025-07-14 09:59:27 GMT+7] AssertionError [ERR_ASSERTION]: NODE_ENV is required
    at Object.<anonymous> (/home/devilish/Hour Booster/src/environments.js:15:1)
    at Module._compile (node:internal/modules/cjs/loader:1529:14)
    at Module._extensions..js (node:internal/modules/cjs/loader:1613:10)
    at Module.load (node:internal/modules/cjs/loader:1275:32)
    at Module._load (node:internal/modules/cjs/loader:1096:12)
    at Module.require (node:internal/modules/cjs/loader:1298:19)
    at Hook._require.Module.require (/usr/lib/node_modules/pm2/node_modules/require-in-the-middle/index.js:101:39)
    at require (node:internal/modules/helpers:182:18)
    at Object.<anonymous> (/home/devilish/Hour Booster/src/discord-bot/index.js:11:22)
    at Module._compile (node:internal/modules/cjs/loader:1529:14)
[ ERR ] [2025-07-14 09:59:30 GMT+7] AssertionError [ERR_ASSERTION]: NODE_ENV is required
    at Object.<anonymous> (/home/devilish/Hour Booster/src/environments.js:15:1)
    at Module._compile (node:internal/modules/cjs/loader:1529:14)
    at Module._extensions..js (node:internal/modules/cjs/loader:1613:10)
    at Module.load (node:internal/modules/cjs/loader:1275:32)
    at Module._load (node:internal/modules/cjs/loader:1096:12)
    at Module.require (node:internal/modules/cjs/loader:1298:19)
    at Hook._require.Module.require (/usr/lib/node_modules/pm2/node_modules/require-in-the-middle/index.js:101:39)
    at require (node:internal/modules/helpers:182:18)
    at Object.<anonymous> (/home/devilish/Hour Booster/src/discord-bot/index.js:11:22)
    at Module._compile (node:internal/modules/cjs/loader:1529:14)
[ ERR ] [2025-07-14 09:59:33 GMT+7] AssertionError [ERR_ASSERTION]: NODE_ENV is required
    at Object.<anonymous> (/home/devilish/Hour Booster/src/environments.js:15:1)
    at Module._compile (node:internal/modules/cjs/loader:1529:14)
    at Module._extensions..js (node:internal/modules/cjs/loader:1613:10)
    at Module.load (node:internal/modules/cjs/loader:1275:32)
    at Module._load (node:internal/modules/cjs/loader:1096:12)
    at Module.require (node:internal/modules/cjs/loader:1298:19)
    at Hook._require.Module.require (/usr/lib/node_modules/pm2/node_modules/require-in-the-middle/index.js:101:39)
    at require (node:internal/modules/helpers:182:18)
    at Object.<anonymous> (/home/devilish/Hour Booster/src/discord-bot/index.js:11:22)
    at Module._compile (node:internal/modules/cjs/loader:1529:14)
[ ERR ] [2025-07-14 09:59:36 GMT+7] AssertionError [ERR_ASSERTION]: NODE_ENV is required
    at Object.<anonymous> (/home/devilish/Hour Booster/src/environments.js:15:1)
    at Module._compile (node:internal/modules/cjs/loader:1529:14)
    at Module._extensions..js (node:internal/modules/cjs/loader:1613:10)
    at Module.load (node:internal/modules/cjs/loader:1275:32)
    at Module._load (node:internal/modules/cjs/loader:1096:12)
    at Module.require (node:internal/modules/cjs/loader:1298:19)
    at Hook._require.Module.require (/usr/lib/node_modules/pm2/node_modules/require-in-the-middle/index.js:101:39)
    at require (node:internal/modules/helpers:182:18)
    at Object.<anonymous> (/home/devilish/Hour Booster/src/discord-bot/index.js:11:22)
    at Module._compile (node:internal/modules/cjs/loader:1529:14)
[ ERR ] [2025-07-14 09:59:39 GMT+7] AssertionError [ERR_ASSERTION]: NODE_ENV is required
    at Object.<anonymous> (/home/devilish/Hour Booster/src/environments.js:15:1)
    at Module._compile (node:internal/modules/cjs/loader:1529:14)
    at Module._extensions..js (node:internal/modules/cjs/loader:1613:10)
    at Module.load (node:internal/modules/cjs/loader:1275:32)
    at Module._load (node:internal/modules/cjs/loader:1096:12)
    at Module.require (node:internal/modules/cjs/loader:1298:19)
    at Hook._require.Module.require (/usr/lib/node_modules/pm2/node_modules/require-in-the-middle/index.js:101:39)
    at require (node:internal/modules/helpers:182:18)
    at Object.<anonymous> (/home/devilish/Hour Booster/src/discord-bot/index.js:11:22)
    at Module._compile (node:internal/modules/cjs/loader:1529:14)
[ ERR ] [2025-07-14 09:59:43 GMT+7] AssertionError [ERR_ASSERTION]: NODE_ENV is required
    at Object.<anonymous> (/home/devilish/Hour Booster/src/environments.js:15:1)
    at Module._compile (node:internal/modules/cjs/loader:1529:14)
    at Module._extensions..js (node:internal/modules/cjs/loader:1613:10)
    at Module.load (node:internal/modules/cjs/loader:1275:32)
    at Module._load (node:internal/modules/cjs/loader:1096:12)
    at Module.require (node:internal/modules/cjs/loader:1298:19)
    at Hook._require.Module.require (/usr/lib/node_modules/pm2/node_modules/require-in-the-middle/index.js:101:39)
    at require (node:internal/modules/helpers:182:18)
    at Object.<anonymous> (/home/devilish/Hour Booster/src/discord-bot/index.js:11:22)
    at Module._compile (node:internal/modules/cjs/loader:1529:14)
[ ERR ] [2025-07-14 09:59:46 GMT+7] AssertionError [ERR_ASSERTION]: NODE_ENV is required
    at Object.<anonymous> (/home/devilish/Hour Booster/src/environments.js:15:1)
    at Module._compile (node:internal/modules/cjs/loader:1529:14)
    at Module._extensions..js (node:internal/modules/cjs/loader:1613:10)
    at Module.load (node:internal/modules/cjs/loader:1275:32)
    at Module._load (node:internal/modules/cjs/loader:1096:12)
    at Module.require (node:internal/modules/cjs/loader:1298:19)
    at Hook._require.Module.require (/usr/lib/node_modules/pm2/node_modules/require-in-the-middle/index.js:101:39)
    at require (node:internal/modules/helpers:182:18)
    at Object.<anonymous> (/home/devilish/Hour Booster/src/discord-bot/index.js:11:22)
    at Module._compile (node:internal/modules/cjs/loader:1529:14)
[ ERR ] [2025-07-14 09:59:49 GMT+7] AssertionError [ERR_ASSERTION]: NODE_ENV is required
    at Object.<anonymous> (/home/devilish/Hour Booster/src/environments.js:15:1)
    at Module._compile (node:internal/modules/cjs/loader:1529:14)
    at Module._extensions..js (node:internal/modules/cjs/loader:1613:10)
    at Module.load (node:internal/modules/cjs/loader:1275:32)
    at Module._load (node:internal/modules/cjs/loader:1096:12)
    at Module.require (node:internal/modules/cjs/loader:1298:19)
    at Hook._require.Module.require (/usr/lib/node_modules/pm2/node_modules/require-in-the-middle/index.js:101:39)
    at require (node:internal/modules/helpers:182:18)
    at Object.<anonymous> (/home/devilish/Hour Booster/src/discord-bot/index.js:11:22)
    at Module._compile (node:internal/modules/cjs/loader:1529:14)
[ ERR ] [2025-07-14 09:59:52 GMT+7] AssertionError [ERR_ASSERTION]: NODE_ENV is required
    at Object.<anonymous> (/home/devilish/Hour Booster/src/environments.js:15:1)
    at Module._compile (node:internal/modules/cjs/loader:1529:14)
    at Module._extensions..js (node:internal/modules/cjs/loader:1613:10)
    at Module.load (node:internal/modules/cjs/loader:1275:32)
    at Module._load (node:internal/modules/cjs/loader:1096:12)
    at Module.require (node:internal/modules/cjs/loader:1298:19)
    at Hook._require.Module.require (/usr/lib/node_modules/pm2/node_modules/require-in-the-middle/index.js:101:39)
    at require (node:internal/modules/helpers:182:18)
    at Object.<anonymous> (/home/devilish/Hour Booster/src/discord-bot/index.js:11:22)
    at Module._compile (node:internal/modules/cjs/loader:1529:14)
[ ERR ] [2025-07-14 09:59:55 GMT+7] AssertionError [ERR_ASSERTION]: NODE_ENV is required
    at Object.<anonymous> (/home/devilish/Hour Booster/src/environments.js:15:1)
    at Module._compile (node:internal/modules/cjs/loader:1529:14)
    at Module._extensions..js (node:internal/modules/cjs/loader:1613:10)
    at Module.load (node:internal/modules/cjs/loader:1275:32)
    at Module._load (node:internal/modules/cjs/loader:1096:12)
    at Module.require (node:internal/modules/cjs/loader:1298:19)
    at Hook._require.Module.require (/usr/lib/node_modules/pm2/node_modules/require-in-the-middle/index.js:101:39)
    at require (node:internal/modules/helpers:182:18)
    at Object.<anonymous> (/home/devilish/Hour Booster/src/discord-bot/index.js:11:22)
    at Module._compile (node:internal/modules/cjs/loader:1529:14)
[ ERR ] [2025-07-14 09:59:58 GMT+7] AssertionError [ERR_ASSERTION]: NODE_ENV is required
    at Object.<anonymous> (/home/devilish/Hour Booster/src/environments.js:15:1)
    at Module._compile (node:internal/modules/cjs/loader:1529:14)
    at Module._extensions..js (node:internal/modules/cjs/loader:1613:10)
    at Module.load (node:internal/modules/cjs/loader:1275:32)
    at Module._load (node:internal/modules/cjs/loader:1096:12)
    at Module.require (node:internal/modules/cjs/loader:1298:19)
    at Hook._require.Module.require (/usr/lib/node_modules/pm2/node_modules/require-in-the-middle/index.js:101:39)
    at require (node:internal/modules/helpers:182:18)
    at Object.<anonymous> (/home/devilish/Hour Booster/src/discord-bot/index.js:11:22)
    at Module._compile (node:internal/modules/cjs/loader:1529:14)
[ ERR ] [2025-07-14 10:00:01 GMT+7] AssertionError [ERR_ASSERTION]: NODE_ENV is required
    at Object.<anonymous> (/home/devilish/Hour Booster/src/environments.js:15:1)
    at Module._compile (node:internal/modules/cjs/loader:1529:14)
    at Module._extensions..js (node:internal/modules/cjs/loader:1613:10)
    at Module.load (node:internal/modules/cjs/loader:1275:32)
    at Module._load (node:internal/modules/cjs/loader:1096:12)
    at Module.require (node:internal/modules/cjs/loader:1298:19)
    at Hook._require.Module.require (/usr/lib/node_modules/pm2/node_modules/require-in-the-middle/index.js:101:39)
    at require (node:internal/modules/helpers:182:18)
    at Object.<anonymous> (/home/devilish/Hour Booster/src/discord-bot/index.js:11:22)
    at Module._compile (node:internal/modules/cjs/loader:1529:14)
[ ERR ] [2025-07-14 10:00:04 GMT+7] AssertionError [ERR_ASSERTION]: NODE_ENV is required
    at Object.<anonymous> (/home/devilish/Hour Booster/src/environments.js:15:1)
    at Module._compile (node:internal/modules/cjs/loader:1529:14)
    at Module._extensions..js (node:internal/modules/cjs/loader:1613:10)
    at Module.load (node:internal/modules/cjs/loader:1275:32)
    at Module._load (node:internal/modules/cjs/loader:1096:12)
    at Module.require (node:internal/modules/cjs/loader:1298:19)
    at Hook._require.Module.require (/usr/lib/node_modules/pm2/node_modules/require-in-the-middle/index.js:101:39)
    at require (node:internal/modules/helpers:182:18)
    at Object.<anonymous> (/home/devilish/Hour Booster/src/discord-bot/index.js:11:22)
    at Module._compile (node:internal/modules/cjs/loader:1529:14)
[ ERR ] [2025-07-14 10:00:08 GMT+7] AssertionError [ERR_ASSERTION]: NODE_ENV is required
    at Object.<anonymous> (/home/devilish/Hour Booster/src/environments.js:15:1)
    at Module._compile (node:internal/modules/cjs/loader:1529:14)
    at Module._extensions..js (node:internal/modules/cjs/loader:1613:10)
    at Module.load (node:internal/modules/cjs/loader:1275:32)
    at Module._load (node:internal/modules/cjs/loader:1096:12)
    at Module.require (node:internal/modules/cjs/loader:1298:19)
    at Hook._require.Module.require (/usr/lib/node_modules/pm2/node_modules/require-in-the-middle/index.js:101:39)
    at require (node:internal/modules/helpers:182:18)
    at Object.<anonymous> (/home/devilish/Hour Booster/src/discord-bot/index.js:11:22)
    at Module._compile (node:internal/modules/cjs/loader:1529:14)
[ ERR ] [2025-07-14 10:00:11 GMT+7] AssertionError [ERR_ASSERTION]: NODE_ENV is required
    at Object.<anonymous> (/home/devilish/Hour Booster/src/environments.js:15:1)
    at Module._compile (node:internal/modules/cjs/loader:1529:14)
    at Module._extensions..js (node:internal/modules/cjs/loader:1613:10)
    at Module.load (node:internal/modules/cjs/loader:1275:32)
    at Module._load (node:internal/modules/cjs/loader:1096:12)
    at Module.require (node:internal/modules/cjs/loader:1298:19)
    at Hook._require.Module.require (/usr/lib/node_modules/pm2/node_modules/require-in-the-middle/index.js:101:39)
    at require (node:internal/modules/helpers:182:18)
    at Object.<anonymous> (/home/devilish/Hour Booster/src/discord-bot/index.js:11:22)
    at Module._compile (node:internal/modules/cjs/loader:1529:14)
[ ERR ] [2025-07-14 10:00:14 GMT+7] AssertionError [ERR_ASSERTION]: NODE_ENV is required
    at Object.<anonymous> (/home/devilish/Hour Booster/src/environments.js:15:1)
    at Module._compile (node:internal/modules/cjs/loader:1529:14)
    at Module._extensions..js (node:internal/modules/cjs/loader:1613:10)
    at Module.load (node:internal/modules/cjs/loader:1275:32)
    at Module._load (node:internal/modules/cjs/loader:1096:12)
    at Module.require (node:internal/modules/cjs/loader:1298:19)
    at Hook._require.Module.require (/usr/lib/node_modules/pm2/node_modules/require-in-the-middle/index.js:101:39)
    at require (node:internal/modules/helpers:182:18)
    at Object.<anonymous> (/home/devilish/Hour Booster/src/discord-bot/index.js:11:22)
    at Module._compile (node:internal/modules/cjs/loader:1529:14)
[ ERR ] [2025-07-14 10:00:17 GMT+7] AssertionError [ERR_ASSERTION]: NODE_ENV is required
    at Object.<anonymous> (/home/devilish/Hour Booster/src/environments.js:15:1)
    at Module._compile (node:internal/modules/cjs/loader:1529:14)
    at Module._extensions..js (node:internal/modules/cjs/loader:1613:10)
    at Module.load (node:internal/modules/cjs/loader:1275:32)
    at Module._load (node:internal/modules/cjs/loader:1096:12)
    at Module.require (node:internal/modules/cjs/loader:1298:19)
    at Hook._require.Module.require (/usr/lib/node_modules/pm2/node_modules/require-in-the-middle/index.js:101:39)
    at require (node:internal/modules/helpers:182:18)
    at Object.<anonymous> (/home/devilish/Hour Booster/src/discord-bot/index.js:11:22)
    at Module._compile (node:internal/modules/cjs/loader:1529:14)
[ ERR ] [2025-07-14 10:00:20 GMT+7] AssertionError [ERR_ASSERTION]: NODE_ENV is required
    at Object.<anonymous> (/home/devilish/Hour Booster/src/environments.js:15:1)
    at Module._compile (node:internal/modules/cjs/loader:1529:14)
    at Module._extensions..js (node:internal/modules/cjs/loader:1613:10)
    at Module.load (node:internal/modules/cjs/loader:1275:32)
    at Module._load (node:internal/modules/cjs/loader:1096:12)
    at Module.require (node:internal/modules/cjs/loader:1298:19)
    at Hook._require.Module.require (/usr/lib/node_modules/pm2/node_modules/require-in-the-middle/index.js:101:39)
    at require (node:internal/modules/helpers:182:18)
    at Object.<anonymous> (/home/devilish/Hour Booster/src/discord-bot/index.js:11:22)
    at Module._compile (node:internal/modules/cjs/loader:1529:14)
[ ERR ] [2025-07-14 10:00:23 GMT+7] AssertionError [ERR_ASSERTION]: NODE_ENV is required
    at Object.<anonymous> (/home/devilish/Hour Booster/src/environments.js:15:1)
    at Module._compile (node:internal/modules/cjs/loader:1529:14)
    at Module._extensions..js (node:internal/modules/cjs/loader:1613:10)
    at Module.load (node:internal/modules/cjs/loader:1275:32)
    at Module._load (node:internal/modules/cjs/loader:1096:12)
    at Module.require (node:internal/modules/cjs/loader:1298:19)
    at Hook._require.Module.require (/usr/lib/node_modules/pm2/node_modules/require-in-the-middle/index.js:101:39)
    at require (node:internal/modules/helpers:182:18)
    at Object.<anonymous> (/home/devilish/Hour Booster/src/discord-bot/index.js:11:22)
    at Module._compile (node:internal/modules/cjs/loader:1529:14)
[ ERR ] [2025-07-14 10:00:26 GMT+7] AssertionError [ERR_ASSERTION]: NODE_ENV is required
    at Object.<anonymous> (/home/devilish/Hour Booster/src/environments.js:15:1)
    at Module._compile (node:internal/modules/cjs/loader:1529:14)
    at Module._extensions..js (node:internal/modules/cjs/loader:1613:10)
    at Module.load (node:internal/modules/cjs/loader:1275:32)
    at Module._load (node:internal/modules/cjs/loader:1096:12)
    at Module.require (node:internal/modules/cjs/loader:1298:19)
    at Hook._require.Module.require (/usr/lib/node_modules/pm2/node_modules/require-in-the-middle/index.js:101:39)
    at require (node:internal/modules/helpers:182:18)
    at Object.<anonymous> (/home/devilish/Hour Booster/src/discord-bot/index.js:11:22)
    at Module._compile (node:internal/modules/cjs/loader:1529:14)
[ ERR ] [2025-07-14 10:00:29 GMT+7] AssertionError [ERR_ASSERTION]: NODE_ENV is required
    at Object.<anonymous> (/home/devilish/Hour Booster/src/environments.js:15:1)
    at Module._compile (node:internal/modules/cjs/loader:1529:14)
    at Module._extensions..js (node:internal/modules/cjs/loader:1613:10)
    at Module.load (node:internal/modules/cjs/loader:1275:32)
    at Module._load (node:internal/modules/cjs/loader:1096:12)
    at Module.require (node:internal/modules/cjs/loader:1298:19)
    at Hook._require.Module.require (/usr/lib/node_modules/pm2/node_modules/require-in-the-middle/index.js:101:39)
    at require (node:internal/modules/helpers:182:18)
    at Object.<anonymous> (/home/devilish/Hour Booster/src/discord-bot/index.js:11:22)
    at Module._compile (node:internal/modules/cjs/loader:1529:14)
[ ERR ] [2025-07-14 10:00:33 GMT+7] AssertionError [ERR_ASSERTION]: NODE_ENV is required
    at Object.<anonymous> (/home/devilish/Hour Booster/src/environments.js:15:1)
    at Module._compile (node:internal/modules/cjs/loader:1529:14)
    at Module._extensions..js (node:internal/modules/cjs/loader:1613:10)
    at Module.load (node:internal/modules/cjs/loader:1275:32)
    at Module._load (node:internal/modules/cjs/loader:1096:12)
    at Module.require (node:internal/modules/cjs/loader:1298:19)
    at Hook._require.Module.require (/usr/lib/node_modules/pm2/node_modules/require-in-the-middle/index.js:101:39)
    at require (node:internal/modules/helpers:182:18)
    at Object.<anonymous> (/home/devilish/Hour Booster/src/discord-bot/index.js:11:22)
    at Module._compile (node:internal/modules/cjs/loader:1529:14)
[ ERR ] [2025-07-14 10:00:36 GMT+7] AssertionError [ERR_ASSERTION]: NODE_ENV is required
    at Object.<anonymous> (/home/devilish/Hour Booster/src/environments.js:15:1)
    at Module._compile (node:internal/modules/cjs/loader:1529:14)
    at Module._extensions..js (node:internal/modules/cjs/loader:1613:10)
    at Module.load (node:internal/modules/cjs/loader:1275:32)
    at Module._load (node:internal/modules/cjs/loader:1096:12)
    at Module.require (node:internal/modules/cjs/loader:1298:19)
    at Hook._require.Module.require (/usr/lib/node_modules/pm2/node_modules/require-in-the-middle/index.js:101:39)
    at require (node:internal/modules/helpers:182:18)
    at Object.<anonymous> (/home/devilish/Hour Booster/src/discord-bot/index.js:11:22)
    at Module._compile (node:internal/modules/cjs/loader:1529:14)
[ ERR ] [2025-07-14 10:00:39 GMT+7] AssertionError [ERR_ASSERTION]: NODE_ENV is required
    at Object.<anonymous> (/home/devilish/Hour Booster/src/environments.js:15:1)
    at Module._compile (node:internal/modules/cjs/loader:1529:14)
    at Module._extensions..js (node:internal/modules/cjs/loader:1613:10)
    at Module.load (node:internal/modules/cjs/loader:1275:32)
    at Module._load (node:internal/modules/cjs/loader:1096:12)
    at Module.require (node:internal/modules/cjs/loader:1298:19)
    at Hook._require.Module.require (/usr/lib/node_modules/pm2/node_modules/require-in-the-middle/index.js:101:39)
    at require (node:internal/modules/helpers:182:18)
    at Object.<anonymous> (/home/devilish/Hour Booster/src/discord-bot/index.js:11:22)
    at Module._compile (node:internal/modules/cjs/loader:1529:14)
[ ERR ] [2025-07-14 10:00:42 GMT+7] AssertionError [ERR_ASSERTION]: NODE_ENV is required
    at Object.<anonymous> (/home/devilish/Hour Booster/src/environments.js:15:1)
    at Module._compile (node:internal/modules/cjs/loader:1529:14)
    at Module._extensions..js (node:internal/modules/cjs/loader:1613:10)
    at Module.load (node:internal/modules/cjs/loader:1275:32)
    at Module._load (node:internal/modules/cjs/loader:1096:12)
    at Module.require (node:internal/modules/cjs/loader:1298:19)
    at Hook._require.Module.require (/usr/lib/node_modules/pm2/node_modules/require-in-the-middle/index.js:101:39)
    at require (node:internal/modules/helpers:182:18)
    at Object.<anonymous> (/home/devilish/Hour Booster/src/discord-bot/index.js:11:22)
    at Module._compile (node:internal/modules/cjs/loader:1529:14)
[ ERR ] [2025-07-14 10:00:45 GMT+7] AssertionError [ERR_ASSERTION]: NODE_ENV is required
    at Object.<anonymous> (/home/devilish/Hour Booster/src/environments.js:15:1)
    at Module._compile (node:internal/modules/cjs/loader:1529:14)
    at Module._extensions..js (node:internal/modules/cjs/loader:1613:10)
    at Module.load (node:internal/modules/cjs/loader:1275:32)
    at Module._load (node:internal/modules/cjs/loader:1096:12)
    at Module.require (node:internal/modules/cjs/loader:1298:19)
    at Hook._require.Module.require (/usr/lib/node_modules/pm2/node_modules/require-in-the-middle/index.js:101:39)
    at require (node:internal/modules/helpers:182:18)
    at Object.<anonymous> (/home/devilish/Hour Booster/src/discord-bot/index.js:11:22)
    at Module._compile (node:internal/modules/cjs/loader:1529:14)
[ ERR ] [2025-07-14 10:00:48 GMT+7] AssertionError [ERR_ASSERTION]: NODE_ENV is required
    at Object.<anonymous> (/home/devilish/Hour Booster/src/environments.js:15:1)
    at Module._compile (node:internal/modules/cjs/loader:1529:14)
    at Module._extensions..js (node:internal/modules/cjs/loader:1613:10)
    at Module.load (node:internal/modules/cjs/loader:1275:32)
    at Module._load (node:internal/modules/cjs/loader:1096:12)
    at Module.require (node:internal/modules/cjs/loader:1298:19)
    at Hook._require.Module.require (/usr/lib/node_modules/pm2/node_modules/require-in-the-middle/index.js:101:39)
    at require (node:internal/modules/helpers:182:18)
    at Object.<anonymous> (/home/devilish/Hour Booster/src/discord-bot/index.js:11:22)
    at Module._compile (node:internal/modules/cjs/loader:1529:14)
[ ERR ] [2025-07-14 10:00:51 GMT+7] AssertionError [ERR_ASSERTION]: NODE_ENV is required
    at Object.<anonymous> (/home/devilish/Hour Booster/src/environments.js:15:1)
    at Module._compile (node:internal/modules/cjs/loader:1529:14)
    at Module._extensions..js (node:internal/modules/cjs/loader:1613:10)
    at Module.load (node:internal/modules/cjs/loader:1275:32)
    at Module._load (node:internal/modules/cjs/loader:1096:12)
    at Module.require (node:internal/modules/cjs/loader:1298:19)
    at Hook._require.Module.require (/usr/lib/node_modules/pm2/node_modules/require-in-the-middle/index.js:101:39)
    at require (node:internal/modules/helpers:182:18)
    at Object.<anonymous> (/home/devilish/Hour Booster/src/discord-bot/index.js:11:22)
    at Module._compile (node:internal/modules/cjs/loader:1529:14)
[ ERR ] [2025-07-14 10:00:54 GMT+7] AssertionError [ERR_ASSERTION]: NODE_ENV is required
    at Object.<anonymous> (/home/devilish/Hour Booster/src/environments.js:15:1)
    at Module._compile (node:internal/modules/cjs/loader:1529:14)
    at Module._extensions..js (node:internal/modules/cjs/loader:1613:10)
    at Module.load (node:internal/modules/cjs/loader:1275:32)
    at Module._load (node:internal/modules/cjs/loader:1096:12)
    at Module.require (node:internal/modules/cjs/loader:1298:19)
    at Hook._require.Module.require (/usr/lib/node_modules/pm2/node_modules/require-in-the-middle/index.js:101:39)
    at require (node:internal/modules/helpers:182:18)
    at Object.<anonymous> (/home/devilish/Hour Booster/src/discord-bot/index.js:11:22)
    at Module._compile (node:internal/modules/cjs/loader:1529:14)
[ ERR ] [2025-07-14 10:00:58 GMT+7] AssertionError [ERR_ASSERTION]: NODE_ENV is required
    at Object.<anonymous> (/home/devilish/Hour Booster/src/environments.js:15:1)
    at Module._compile (node:internal/modules/cjs/loader:1529:14)
    at Module._extensions..js (node:internal/modules/cjs/loader:1613:10)
    at Module.load (node:internal/modules/cjs/loader:1275:32)
    at Module._load (node:internal/modules/cjs/loader:1096:12)
    at Module.require (node:internal/modules/cjs/loader:1298:19)
    at Hook._require.Module.require (/usr/lib/node_modules/pm2/node_modules/require-in-the-middle/index.js:101:39)
    at require (node:internal/modules/helpers:182:18)
    at Object.<anonymous> (/home/devilish/Hour Booster/src/discord-bot/index.js:11:22)
    at Module._compile (node:internal/modules/cjs/loader:1529:14)
[ ERR ] [2025-07-14 10:01:01 GMT+7] AssertionError [ERR_ASSERTION]: NODE_ENV is required
    at Object.<anonymous> (/home/devilish/Hour Booster/src/environments.js:15:1)
    at Module._compile (node:internal/modules/cjs/loader:1529:14)
    at Module._extensions..js (node:internal/modules/cjs/loader:1613:10)
    at Module.load (node:internal/modules/cjs/loader:1275:32)
    at Module._load (node:internal/modules/cjs/loader:1096:12)
    at Module.require (node:internal/modules/cjs/loader:1298:19)
    at Hook._require.Module.require (/usr/lib/node_modules/pm2/node_modules/require-in-the-middle/index.js:101:39)
    at require (node:internal/modules/helpers:182:18)
    at Object.<anonymous> (/home/devilish/Hour Booster/src/discord-bot/index.js:11:22)
    at Module._compile (node:internal/modules/cjs/loader:1529:14)
[ ERR ] [2025-07-14 10:01:04 GMT+7] AssertionError [ERR_ASSERTION]: NODE_ENV is required
    at Object.<anonymous> (/home/devilish/Hour Booster/src/environments.js:15:1)
    at Module._compile (node:internal/modules/cjs/loader:1529:14)
    at Module._extensions..js (node:internal/modules/cjs/loader:1613:10)
    at Module.load (node:internal/modules/cjs/loader:1275:32)
    at Module._load (node:internal/modules/cjs/loader:1096:12)
    at Module.require (node:internal/modules/cjs/loader:1298:19)
    at Hook._require.Module.require (/usr/lib/node_modules/pm2/node_modules/require-in-the-middle/index.js:101:39)
    at require (node:internal/modules/helpers:182:18)
    at Object.<anonymous> (/home/devilish/Hour Booster/src/discord-bot/index.js:11:22)
    at Module._compile (node:internal/modules/cjs/loader:1529:14)
[ ERR ] [2025-07-14 10:01:07 GMT+7] AssertionError [ERR_ASSERTION]: NODE_ENV is required
    at Object.<anonymous> (/home/devilish/Hour Booster/src/environments.js:15:1)
    at Module._compile (node:internal/modules/cjs/loader:1529:14)
    at Module._extensions..js (node:internal/modules/cjs/loader:1613:10)
    at Module.load (node:internal/modules/cjs/loader:1275:32)
    at Module._load (node:internal/modules/cjs/loader:1096:12)
    at Module.require (node:internal/modules/cjs/loader:1298:19)
    at Hook._require.Module.require (/usr/lib/node_modules/pm2/node_modules/require-in-the-middle/index.js:101:39)
    at require (node:internal/modules/helpers:182:18)
    at Object.<anonymous> (/home/devilish/Hour Booster/src/discord-bot/index.js:11:22)
    at Module._compile (node:internal/modules/cjs/loader:1529:14)
[ ERR ] [2025-07-14 10:01:10 GMT+7] AssertionError [ERR_ASSERTION]: NODE_ENV is required
    at Object.<anonymous> (/home/devilish/Hour Booster/src/environments.js:15:1)
    at Module._compile (node:internal/modules/cjs/loader:1529:14)
    at Module._extensions..js (node:internal/modules/cjs/loader:1613:10)
    at Module.load (node:internal/modules/cjs/loader:1275:32)
    at Module._load (node:internal/modules/cjs/loader:1096:12)
    at Module.require (node:internal/modules/cjs/loader:1298:19)
    at Hook._require.Module.require (/usr/lib/node_modules/pm2/node_modules/require-in-the-middle/index.js:101:39)
    at require (node:internal/modules/helpers:182:18)
    at Object.<anonymous> (/home/devilish/Hour Booster/src/discord-bot/index.js:11:22)
    at Module._compile (node:internal/modules/cjs/loader:1529:14)
[ ERR ] [2025-07-14 10:01:13 GMT+7] AssertionError [ERR_ASSERTION]: NODE_ENV is required
    at Object.<anonymous> (/home/devilish/Hour Booster/src/environments.js:15:1)
    at Module._compile (node:internal/modules/cjs/loader:1529:14)
    at Module._extensions..js (node:internal/modules/cjs/loader:1613:10)
    at Module.load (node:internal/modules/cjs/loader:1275:32)
    at Module._load (node:internal/modules/cjs/loader:1096:12)
    at Module.require (node:internal/modules/cjs/loader:1298:19)
    at Hook._require.Module.require (/usr/lib/node_modules/pm2/node_modules/require-in-the-middle/index.js:101:39)
    at require (node:internal/modules/helpers:182:18)
    at Object.<anonymous> (/home/devilish/Hour Booster/src/discord-bot/index.js:11:22)
    at Module._compile (node:internal/modules/cjs/loader:1529:14)
[ ERR ] [2025-07-14 10:01:16 GMT+7] AssertionError [ERR_ASSERTION]: NODE_ENV is required
    at Object.<anonymous> (/home/devilish/Hour Booster/src/environments.js:15:1)
    at Module._compile (node:internal/modules/cjs/loader:1529:14)
    at Module._extensions..js (node:internal/modules/cjs/loader:1613:10)
    at Module.load (node:internal/modules/cjs/loader:1275:32)
    at Module._load (node:internal/modules/cjs/loader:1096:12)
    at Module.require (node:internal/modules/cjs/loader:1298:19)
    at Hook._require.Module.require (/usr/lib/node_modules/pm2/node_modules/require-in-the-middle/index.js:101:39)
    at require (node:internal/modules/helpers:182:18)
    at Object.<anonymous> (/home/devilish/Hour Booster/src/discord-bot/index.js:11:22)
    at Module._compile (node:internal/modules/cjs/loader:1529:14)
[ ERR ] [2025-07-14 10:01:20 GMT+7] AssertionError [ERR_ASSERTION]: NODE_ENV is required
    at Object.<anonymous> (/home/devilish/Hour Booster/src/environments.js:15:1)
    at Module._compile (node:internal/modules/cjs/loader:1529:14)
    at Module._extensions..js (node:internal/modules/cjs/loader:1613:10)
    at Module.load (node:internal/modules/cjs/loader:1275:32)
    at Module._load (node:internal/modules/cjs/loader:1096:12)
    at Module.require (node:internal/modules/cjs/loader:1298:19)
    at Hook._require.Module.require (/usr/lib/node_modules/pm2/node_modules/require-in-the-middle/index.js:101:39)
    at require (node:internal/modules/helpers:182:18)
    at Object.<anonymous> (/home/devilish/Hour Booster/src/discord-bot/index.js:11:22)
    at Module._compile (node:internal/modules/cjs/loader:1529:14)
[ ERR ] [2025-07-14 10:01:23 GMT+7] AssertionError [ERR_ASSERTION]: NODE_ENV is required
    at Object.<anonymous> (/home/devilish/Hour Booster/src/environments.js:15:1)
    at Module._compile (node:internal/modules/cjs/loader:1529:14)
    at Module._extensions..js (node:internal/modules/cjs/loader:1613:10)
    at Module.load (node:internal/modules/cjs/loader:1275:32)
    at Module._load (node:internal/modules/cjs/loader:1096:12)
    at Module.require (node:internal/modules/cjs/loader:1298:19)
    at Hook._require.Module.require (/usr/lib/node_modules/pm2/node_modules/require-in-the-middle/index.js:101:39)
    at require (node:internal/modules/helpers:182:18)
    at Object.<anonymous> (/home/devilish/Hour Booster/src/discord-bot/index.js:11:22)
    at Module._compile (node:internal/modules/cjs/loader:1529:14)
[ ERR ] [2025-07-14 10:01:27 GMT+7] AssertionError [ERR_ASSERTION]: NODE_ENV is required
    at Object.<anonymous> (/home/devilish/Hour Booster/src/environments.js:15:1)
    at Module._compile (node:internal/modules/cjs/loader:1529:14)
    at Module._extensions..js (node:internal/modules/cjs/loader:1613:10)
    at Module.load (node:internal/modules/cjs/loader:1275:32)
    at Module._load (node:internal/modules/cjs/loader:1096:12)
    at Module.require (node:internal/modules/cjs/loader:1298:19)
    at Hook._require.Module.require (/usr/lib/node_modules/pm2/node_modules/require-in-the-middle/index.js:101:39)
    at require (node:internal/modules/helpers:182:18)
    at Object.<anonymous> (/home/devilish/Hour Booster/src/discord-bot/index.js:11:22)
    at Module._compile (node:internal/modules/cjs/loader:1529:14)
[ ERR ] [2025-07-14 10:01:30 GMT+7] AssertionError [ERR_ASSERTION]: NODE_ENV is required
    at Object.<anonymous> (/home/devilish/Hour Booster/src/environments.js:15:1)
    at Module._compile (node:internal/modules/cjs/loader:1529:14)
    at Module._extensions..js (node:internal/modules/cjs/loader:1613:10)
    at Module.load (node:internal/modules/cjs/loader:1275:32)
    at Module._load (node:internal/modules/cjs/loader:1096:12)
    at Module.require (node:internal/modules/cjs/loader:1298:19)
    at Hook._require.Module.require (/usr/lib/node_modules/pm2/node_modules/require-in-the-middle/index.js:101:39)
    at require (node:internal/modules/helpers:182:18)
    at Object.<anonymous> (/home/devilish/Hour Booster/src/discord-bot/index.js:11:22)
    at Module._compile (node:internal/modules/cjs/loader:1529:14)
[ ERR ] [2025-07-14 10:01:33 GMT+7] AssertionError [ERR_ASSERTION]: NODE_ENV is required
    at Object.<anonymous> (/home/devilish/Hour Booster/src/environments.js:15:1)
    at Module._compile (node:internal/modules/cjs/loader:1529:14)
    at Module._extensions..js (node:internal/modules/cjs/loader:1613:10)
    at Module.load (node:internal/modules/cjs/loader:1275:32)
    at Module._load (node:internal/modules/cjs/loader:1096:12)
    at Module.require (node:internal/modules/cjs/loader:1298:19)
    at Hook._require.Module.require (/usr/lib/node_modules/pm2/node_modules/require-in-the-middle/index.js:101:39)
    at require (node:internal/modules/helpers:182:18)
    at Object.<anonymous> (/home/devilish/Hour Booster/src/discord-bot/index.js:11:22)
    at Module._compile (node:internal/modules/cjs/loader:1529:14)
[ ERR ] [2025-07-14 10:01:36 GMT+7] AssertionError [ERR_ASSERTION]: NODE_ENV is required
    at Object.<anonymous> (/home/devilish/Hour Booster/src/environments.js:15:1)
    at Module._compile (node:internal/modules/cjs/loader:1529:14)
    at Module._extensions..js (node:internal/modules/cjs/loader:1613:10)
    at Module.load (node:internal/modules/cjs/loader:1275:32)
    at Module._load (node:internal/modules/cjs/loader:1096:12)
    at Module.require (node:internal/modules/cjs/loader:1298:19)
    at Hook._require.Module.require (/usr/lib/node_modules/pm2/node_modules/require-in-the-middle/index.js:101:39)
    at require (node:internal/modules/helpers:182:18)
    at Object.<anonymous> (/home/devilish/Hour Booster/src/discord-bot/index.js:11:22)
    at Module._compile (node:internal/modules/cjs/loader:1529:14)
[ ERR ] [2025-07-14 10:01:39 GMT+7] AssertionError [ERR_ASSERTION]: NODE_ENV is required
    at Object.<anonymous> (/home/devilish/Hour Booster/src/environments.js:15:1)
    at Module._compile (node:internal/modules/cjs/loader:1529:14)
    at Module._extensions..js (node:internal/modules/cjs/loader:1613:10)
    at Module.load (node:internal/modules/cjs/loader:1275:32)
    at Module._load (node:internal/modules/cjs/loader:1096:12)
    at Module.require (node:internal/modules/cjs/loader:1298:19)
    at Hook._require.Module.require (/usr/lib/node_modules/pm2/node_modules/require-in-the-middle/index.js:101:39)
    at require (node:internal/modules/helpers:182:18)
    at Object.<anonymous> (/home/devilish/Hour Booster/src/discord-bot/index.js:11:22)
    at Module._compile (node:internal/modules/cjs/loader:1529:14)
[ ERR ] [2025-07-14 10:01:42 GMT+7] AssertionError [ERR_ASSERTION]: NODE_ENV is required
    at Object.<anonymous> (/home/devilish/Hour Booster/src/environments.js:15:1)
    at Module._compile (node:internal/modules/cjs/loader:1529:14)
    at Module._extensions..js (node:internal/modules/cjs/loader:1613:10)
    at Module.load (node:internal/modules/cjs/loader:1275:32)
    at Module._load (node:internal/modules/cjs/loader:1096:12)
    at Module.require (node:internal/modules/cjs/loader:1298:19)
    at Hook._require.Module.require (/usr/lib/node_modules/pm2/node_modules/require-in-the-middle/index.js:101:39)
    at require (node:internal/modules/helpers:182:18)
    at Object.<anonymous> (/home/devilish/Hour Booster/src/discord-bot/index.js:11:22)
    at Module._compile (node:internal/modules/cjs/loader:1529:14)
[ ERR ] [2025-07-14 10:01:45 GMT+7] AssertionError [ERR_ASSERTION]: NODE_ENV is required
    at Object.<anonymous> (/home/devilish/Hour Booster/src/environments.js:15:1)
    at Module._compile (node:internal/modules/cjs/loader:1529:14)
    at Module._extensions..js (node:internal/modules/cjs/loader:1613:10)
    at Module.load (node:internal/modules/cjs/loader:1275:32)
    at Module._load (node:internal/modules/cjs/loader:1096:12)
    at Module.require (node:internal/modules/cjs/loader:1298:19)
    at Hook._require.Module.require (/usr/lib/node_modules/pm2/node_modules/require-in-the-middle/index.js:101:39)
    at require (node:internal/modules/helpers:182:18)
    at Object.<anonymous> (/home/devilish/Hour Booster/src/discord-bot/index.js:11:22)
    at Module._compile (node:internal/modules/cjs/loader:1529:14)
[ ERR ] [2025-07-14 10:01:48 GMT+7] AssertionError [ERR_ASSERTION]: NODE_ENV is required
    at Object.<anonymous> (/home/devilish/Hour Booster/src/environments.js:15:1)
    at Module._compile (node:internal/modules/cjs/loader:1529:14)
    at Module._extensions..js (node:internal/modules/cjs/loader:1613:10)
    at Module.load (node:internal/modules/cjs/loader:1275:32)
    at Module._load (node:internal/modules/cjs/loader:1096:12)
    at Module.require (node:internal/modules/cjs/loader:1298:19)
    at Hook._require.Module.require (/usr/lib/node_modules/pm2/node_modules/require-in-the-middle/index.js:101:39)
    at require (node:internal/modules/helpers:182:18)
    at Object.<anonymous> (/home/devilish/Hour Booster/src/discord-bot/index.js:11:22)
    at Module._compile (node:internal/modules/cjs/loader:1529:14)
[ ERR ] [2025-07-14 10:01:50 GMT+7] AssertionError [ERR_ASSERTION]: NODE_ENV is required
    at Object.<anonymous> (/home/devilish/Hour Booster/src/environments.js:15:1)
    at Module._compile (node:internal/modules/cjs/loader:1529:14)
    at Module._extensions..js (node:internal/modules/cjs/loader:1613:10)
    at Module.load (node:internal/modules/cjs/loader:1275:32)
    at Module._load (node:internal/modules/cjs/loader:1096:12)
    at Module.require (node:internal/modules/cjs/loader:1298:19)
    at Hook._require.Module.require (/usr/lib/node_modules/pm2/node_modules/require-in-the-middle/index.js:101:39)
    at require (node:internal/modules/helpers:182:18)
    at Object.<anonymous> (/home/devilish/Hour Booster/src/discord-bot/index.js:11:22)
    at Module._compile (node:internal/modules/cjs/loader:1529:14)
[ ERR ] [2025-07-14 10:01:54 GMT+7] AssertionError [ERR_ASSERTION]: NODE_ENV is required
    at Object.<anonymous> (/home/devilish/Hour Booster/src/environments.js:15:1)
    at Module._compile (node:internal/modules/cjs/loader:1529:14)
    at Module._extensions..js (node:internal/modules/cjs/loader:1613:10)
    at Module.load (node:internal/modules/cjs/loader:1275:32)
    at Module._load (node:internal/modules/cjs/loader:1096:12)
    at Module.require (node:internal/modules/cjs/loader:1298:19)
    at Hook._require.Module.require (/usr/lib/node_modules/pm2/node_modules/require-in-the-middle/index.js:101:39)
    at require (node:internal/modules/helpers:182:18)
    at Object.<anonymous> (/home/devilish/Hour Booster/src/discord-bot/index.js:11:22)
    at Module._compile (node:internal/modules/cjs/loader:1529:14)
[ ERR ] [2025-07-14 10:01:57 GMT+7] AssertionError [ERR_ASSERTION]: NODE_ENV is required
    at Object.<anonymous> (/home/devilish/Hour Booster/src/environments.js:15:1)
    at Module._compile (node:internal/modules/cjs/loader:1529:14)
    at Module._extensions..js (node:internal/modules/cjs/loader:1613:10)
    at Module.load (node:internal/modules/cjs/loader:1275:32)
    at Module._load (node:internal/modules/cjs/loader:1096:12)
    at Module.require (node:internal/modules/cjs/loader:1298:19)
    at Hook._require.Module.require (/usr/lib/node_modules/pm2/node_modules/require-in-the-middle/index.js:101:39)
    at require (node:internal/modules/helpers:182:18)
    at Object.<anonymous> (/home/devilish/Hour Booster/src/discord-bot/index.js:11:22)
    at Module._compile (node:internal/modules/cjs/loader:1529:14)
[ ERR ] [2025-07-14 10:02:00 GMT+7] AssertionError [ERR_ASSERTION]: NODE_ENV is required
    at Object.<anonymous> (/home/devilish/Hour Booster/src/environments.js:15:1)
    at Module._compile (node:internal/modules/cjs/loader:1529:14)
    at Module._extensions..js (node:internal/modules/cjs/loader:1613:10)
    at Module.load (node:internal/modules/cjs/loader:1275:32)
    at Module._load (node:internal/modules/cjs/loader:1096:12)
    at Module.require (node:internal/modules/cjs/loader:1298:19)
    at Hook._require.Module.require (/usr/lib/node_modules/pm2/node_modules/require-in-the-middle/index.js:101:39)
    at require (node:internal/modules/helpers:182:18)
    at Object.<anonymous> (/home/devilish/Hour Booster/src/discord-bot/index.js:11:22)
    at Module._compile (node:internal/modules/cjs/loader:1529:14)
[ ERR ] [2025-07-14 10:02:03 GMT+7] AssertionError [ERR_ASSERTION]: NODE_ENV is required
    at Object.<anonymous> (/home/devilish/Hour Booster/src/environments.js:15:1)
    at Module._compile (node:internal/modules/cjs/loader:1529:14)
    at Module._extensions..js (node:internal/modules/cjs/loader:1613:10)
    at Module.load (node:internal/modules/cjs/loader:1275:32)
    at Module._load (node:internal/modules/cjs/loader:1096:12)
    at Module.require (node:internal/modules/cjs/loader:1298:19)
    at Hook._require.Module.require (/usr/lib/node_modules/pm2/node_modules/require-in-the-middle/index.js:101:39)
    at require (node:internal/modules/helpers:182:18)
    at Object.<anonymous> (/home/devilish/Hour Booster/src/discord-bot/index.js:11:22)
    at Module._compile (node:internal/modules/cjs/loader:1529:14)
[ ERR ] [2025-07-14 10:02:06 GMT+7] AssertionError [ERR_ASSERTION]: NODE_ENV is required
    at Object.<anonymous> (/home/devilish/Hour Booster/src/environments.js:15:1)
    at Module._compile (node:internal/modules/cjs/loader:1529:14)
    at Module._extensions..js (node:internal/modules/cjs/loader:1613:10)
    at Module.load (node:internal/modules/cjs/loader:1275:32)
    at Module._load (node:internal/modules/cjs/loader:1096:12)
    at Module.require (node:internal/modules/cjs/loader:1298:19)
    at Hook._require.Module.require (/usr/lib/node_modules/pm2/node_modules/require-in-the-middle/index.js:101:39)
    at require (node:internal/modules/helpers:182:18)
    at Object.<anonymous> (/home/devilish/Hour Booster/src/discord-bot/index.js:11:22)
    at Module._compile (node:internal/modules/cjs/loader:1529:14)
[ ERR ] [2025-07-14 10:02:09 GMT+7] AssertionError [ERR_ASSERTION]: NODE_ENV is required
    at Object.<anonymous> (/home/devilish/Hour Booster/src/environments.js:15:1)
    at Module._compile (node:internal/modules/cjs/loader:1529:14)
    at Module._extensions..js (node:internal/modules/cjs/loader:1613:10)
    at Module.load (node:internal/modules/cjs/loader:1275:32)
    at Module._load (node:internal/modules/cjs/loader:1096:12)
    at Module.require (node:internal/modules/cjs/loader:1298:19)
    at Hook._require.Module.require (/usr/lib/node_modules/pm2/node_modules/require-in-the-middle/index.js:101:39)
    at require (node:internal/modules/helpers:182:18)
    at Object.<anonymous> (/home/devilish/Hour Booster/src/discord-bot/index.js:11:22)
    at Module._compile (node:internal/modules/cjs/loader:1529:14)
[ ERR ] [2025-07-14 10:02:12 GMT+7] AssertionError [ERR_ASSERTION]: NODE_ENV is required
    at Object.<anonymous> (/home/devilish/Hour Booster/src/environments.js:15:1)
    at Module._compile (node:internal/modules/cjs/loader:1529:14)
    at Module._extensions..js (node:internal/modules/cjs/loader:1613:10)
    at Module.load (node:internal/modules/cjs/loader:1275:32)
    at Module._load (node:internal/modules/cjs/loader:1096:12)
    at Module.require (node:internal/modules/cjs/loader:1298:19)
    at Hook._require.Module.require (/usr/lib/node_modules/pm2/node_modules/require-in-the-middle/index.js:101:39)
    at require (node:internal/modules/helpers:182:18)
    at Object.<anonymous> (/home/devilish/Hour Booster/src/discord-bot/index.js:11:22)
    at Module._compile (node:internal/modules/cjs/loader:1529:14)
[ ERR ] [2025-07-14 10:02:16 GMT+7] AssertionError [ERR_ASSERTION]: NODE_ENV is required
    at Object.<anonymous> (/home/devilish/Hour Booster/src/environments.js:15:1)
    at Module._compile (node:internal/modules/cjs/loader:1529:14)
    at Module._extensions..js (node:internal/modules/cjs/loader:1613:10)
    at Module.load (node:internal/modules/cjs/loader:1275:32)
    at Module._load (node:internal/modules/cjs/loader:1096:12)
    at Module.require (node:internal/modules/cjs/loader:1298:19)
    at Hook._require.Module.require (/usr/lib/node_modules/pm2/node_modules/require-in-the-middle/index.js:101:39)
    at require (node:internal/modules/helpers:182:18)
    at Object.<anonymous> (/home/devilish/Hour Booster/src/discord-bot/index.js:11:22)
    at Module._compile (node:internal/modules/cjs/loader:1529:14)
[ ERR ] [2025-07-14 10:02:19 GMT+7] AssertionError [ERR_ASSERTION]: NODE_ENV is required
    at Object.<anonymous> (/home/devilish/Hour Booster/src/environments.js:15:1)
    at Module._compile (node:internal/modules/cjs/loader:1529:14)
    at Module._extensions..js (node:internal/modules/cjs/loader:1613:10)
    at Module.load (node:internal/modules/cjs/loader:1275:32)
    at Module._load (node:internal/modules/cjs/loader:1096:12)
    at Module.require (node:internal/modules/cjs/loader:1298:19)
    at Hook._require.Module.require (/usr/lib/node_modules/pm2/node_modules/require-in-the-middle/index.js:101:39)
    at require (node:internal/modules/helpers:182:18)
    at Object.<anonymous> (/home/devilish/Hour Booster/src/discord-bot/index.js:11:22)
    at Module._compile (node:internal/modules/cjs/loader:1529:14)
[ ERR ] [2025-07-14 10:02:22 GMT+7] AssertionError [ERR_ASSERTION]: NODE_ENV is required
    at Object.<anonymous> (/home/devilish/Hour Booster/src/environments.js:15:1)
    at Module._compile (node:internal/modules/cjs/loader:1529:14)
    at Module._extensions..js (node:internal/modules/cjs/loader:1613:10)
    at Module.load (node:internal/modules/cjs/loader:1275:32)
    at Module._load (node:internal/modules/cjs/loader:1096:12)
    at Module.require (node:internal/modules/cjs/loader:1298:19)
    at Hook._require.Module.require (/usr/lib/node_modules/pm2/node_modules/require-in-the-middle/index.js:101:39)
    at require (node:internal/modules/helpers:182:18)
    at Object.<anonymous> (/home/devilish/Hour Booster/src/discord-bot/index.js:11:22)
    at Module._compile (node:internal/modules/cjs/loader:1529:14)
[ ERR ] [2025-07-14 10:02:25 GMT+7] AssertionError [ERR_ASSERTION]: NODE_ENV is required
    at Object.<anonymous> (/home/devilish/Hour Booster/src/environments.js:15:1)
    at Module._compile (node:internal/modules/cjs/loader:1529:14)
    at Module._extensions..js (node:internal/modules/cjs/loader:1613:10)
    at Module.load (node:internal/modules/cjs/loader:1275:32)
    at Module._load (node:internal/modules/cjs/loader:1096:12)
    at Module.require (node:internal/modules/cjs/loader:1298:19)
    at Hook._require.Module.require (/usr/lib/node_modules/pm2/node_modules/require-in-the-middle/index.js:101:39)
    at require (node:internal/modules/helpers:182:18)
    at Object.<anonymous> (/home/devilish/Hour Booster/src/discord-bot/index.js:11:22)
    at Module._compile (node:internal/modules/cjs/loader:1529:14)
[ ERR ] [2025-07-14 10:02:28 GMT+7] AssertionError [ERR_ASSERTION]: NODE_ENV is required
    at Object.<anonymous> (/home/devilish/Hour Booster/src/environments.js:15:1)
    at Module._compile (node:internal/modules/cjs/loader:1529:14)
    at Module._extensions..js (node:internal/modules/cjs/loader:1613:10)
    at Module.load (node:internal/modules/cjs/loader:1275:32)
    at Module._load (node:internal/modules/cjs/loader:1096:12)
    at Module.require (node:internal/modules/cjs/loader:1298:19)
    at Hook._require.Module.require (/usr/lib/node_modules/pm2/node_modules/require-in-the-middle/index.js:101:39)
    at require (node:internal/modules/helpers:182:18)
    at Object.<anonymous> (/home/devilish/Hour Booster/src/discord-bot/index.js:11:22)
    at Module._compile (node:internal/modules/cjs/loader:1529:14)
[ ERR ] [2025-07-14 10:02:31 GMT+7] AssertionError [ERR_ASSERTION]: NODE_ENV is required
    at Object.<anonymous> (/home/devilish/Hour Booster/src/environments.js:15:1)
    at Module._compile (node:internal/modules/cjs/loader:1529:14)
    at Module._extensions..js (node:internal/modules/cjs/loader:1613:10)
    at Module.load (node:internal/modules/cjs/loader:1275:32)
    at Module._load (node:internal/modules/cjs/loader:1096:12)
    at Module.require (node:internal/modules/cjs/loader:1298:19)
    at Hook._require.Module.require (/usr/lib/node_modules/pm2/node_modules/require-in-the-middle/index.js:101:39)
    at require (node:internal/modules/helpers:182:18)
    at Object.<anonymous> (/home/devilish/Hour Booster/src/discord-bot/index.js:11:22)
    at Module._compile (node:internal/modules/cjs/loader:1529:14)
[ ERR ] [2025-07-14 10:02:35 GMT+7] AssertionError [ERR_ASSERTION]: NODE_ENV is required
    at Object.<anonymous> (/home/devilish/Hour Booster/src/environments.js:15:1)
    at Module._compile (node:internal/modules/cjs/loader:1529:14)
    at Module._extensions..js (node:internal/modules/cjs/loader:1613:10)
    at Module.load (node:internal/modules/cjs/loader:1275:32)
    at Module._load (node:internal/modules/cjs/loader:1096:12)
    at Module.require (node:internal/modules/cjs/loader:1298:19)
    at Hook._require.Module.require (/usr/lib/node_modules/pm2/node_modules/require-in-the-middle/index.js:101:39)
    at require (node:internal/modules/helpers:182:18)
    at Object.<anonymous> (/home/devilish/Hour Booster/src/discord-bot/index.js:11:22)
    at Module._compile (node:internal/modules/cjs/loader:1529:14)
[ ERR ] [2025-07-14 10:02:38 GMT+7] AssertionError [ERR_ASSERTION]: NODE_ENV is required
    at Object.<anonymous> (/home/devilish/Hour Booster/src/environments.js:15:1)
    at Module._compile (node:internal/modules/cjs/loader:1529:14)
    at Module._extensions..js (node:internal/modules/cjs/loader:1613:10)
    at Module.load (node:internal/modules/cjs/loader:1275:32)
    at Module._load (node:internal/modules/cjs/loader:1096:12)
    at Module.require (node:internal/modules/cjs/loader:1298:19)
    at Hook._require.Module.require (/usr/lib/node_modules/pm2/node_modules/require-in-the-middle/index.js:101:39)
    at require (node:internal/modules/helpers:182:18)
    at Object.<anonymous> (/home/devilish/Hour Booster/src/discord-bot/index.js:11:22)
    at Module._compile (node:internal/modules/cjs/loader:1529:14)
[ ERR ] [2025-07-14 10:02:41 GMT+7] AssertionError [ERR_ASSERTION]: NODE_ENV is required
    at Object.<anonymous> (/home/devilish/Hour Booster/src/environments.js:15:1)
    at Module._compile (node:internal/modules/cjs/loader:1529:14)
    at Module._extensions..js (node:internal/modules/cjs/loader:1613:10)
    at Module.load (node:internal/modules/cjs/loader:1275:32)
    at Module._load (node:internal/modules/cjs/loader:1096:12)
    at Module.require (node:internal/modules/cjs/loader:1298:19)
    at Hook._require.Module.require (/usr/lib/node_modules/pm2/node_modules/require-in-the-middle/index.js:101:39)
    at require (node:internal/modules/helpers:182:18)
    at Object.<anonymous> (/home/devilish/Hour Booster/src/discord-bot/index.js:11:22)
    at Module._compile (node:internal/modules/cjs/loader:1529:14)
[ ERR ] [2025-07-14 10:02:44 GMT+7] AssertionError [ERR_ASSERTION]: NODE_ENV is required
    at Object.<anonymous> (/home/devilish/Hour Booster/src/environments.js:15:1)
    at Module._compile (node:internal/modules/cjs/loader:1529:14)
    at Module._extensions..js (node:internal/modules/cjs/loader:1613:10)
    at Module.load (node:internal/modules/cjs/loader:1275:32)
    at Module._load (node:internal/modules/cjs/loader:1096:12)
    at Module.require (node:internal/modules/cjs/loader:1298:19)
    at Hook._require.Module.require (/usr/lib/node_modules/pm2/node_modules/require-in-the-middle/index.js:101:39)
    at require (node:internal/modules/helpers:182:18)
    at Object.<anonymous> (/home/devilish/Hour Booster/src/discord-bot/index.js:11:22)
    at Module._compile (node:internal/modules/cjs/loader:1529:14)
[ ERR ] [2025-07-14 10:02:47 GMT+7] AssertionError [ERR_ASSERTION]: NODE_ENV is required
    at Object.<anonymous> (/home/devilish/Hour Booster/src/environments.js:15:1)
    at Module._compile (node:internal/modules/cjs/loader:1529:14)
    at Module._extensions..js (node:internal/modules/cjs/loader:1613:10)
    at Module.load (node:internal/modules/cjs/loader:1275:32)
    at Module._load (node:internal/modules/cjs/loader:1096:12)
    at Module.require (node:internal/modules/cjs/loader:1298:19)
    at Hook._require.Module.require (/usr/lib/node_modules/pm2/node_modules/require-in-the-middle/index.js:101:39)
    at require (node:internal/modules/helpers:182:18)
    at Object.<anonymous> (/home/devilish/Hour Booster/src/discord-bot/index.js:11:22)
    at Module._compile (node:internal/modules/cjs/loader:1529:14)
[ ERR ] [2025-07-14 10:02:50 GMT+7] AssertionError [ERR_ASSERTION]: NODE_ENV is required
    at Object.<anonymous> (/home/devilish/Hour Booster/src/environments.js:15:1)
    at Module._compile (node:internal/modules/cjs/loader:1529:14)
    at Module._extensions..js (node:internal/modules/cjs/loader:1613:10)
    at Module.load (node:internal/modules/cjs/loader:1275:32)
    at Module._load (node:internal/modules/cjs/loader:1096:12)
    at Module.require (node:internal/modules/cjs/loader:1298:19)
    at Hook._require.Module.require (/usr/lib/node_modules/pm2/node_modules/require-in-the-middle/index.js:101:39)
    at require (node:internal/modules/helpers:182:18)
    at Object.<anonymous> (/home/devilish/Hour Booster/src/discord-bot/index.js:11:22)
    at Module._compile (node:internal/modules/cjs/loader:1529:14)
[ ERR ] [2025-07-14 10:02:53 GMT+7] AssertionError [ERR_ASSERTION]: CRYPTO_SECRET_KEY is required
    at Object.<anonymous> (/home/devilish/Hour Booster/src/environments.js:16:1)
    at Module._compile (node:internal/modules/cjs/loader:1529:14)
    at Module._extensions..js (node:internal/modules/cjs/loader:1613:10)
    at Module.load (node:internal/modules/cjs/loader:1275:32)
    at Module._load (node:internal/modules/cjs/loader:1096:12)
    at Module.require (node:internal/modules/cjs/loader:1298:19)
    at Hook._require.Module.require (/usr/lib/node_modules/pm2/node_modules/require-in-the-middle/index.js:101:39)
    at require (node:internal/modules/helpers:182:18)
    at Object.<anonymous> (/home/devilish/Hour Booster/src/discord-bot/index.js:11:22)
    at Module._compile (node:internal/modules/cjs/loader:1529:14)
[ ERR ] [2025-07-14 10:02:56 GMT+7] AssertionError [ERR_ASSERTION]: NODE_ENV is required
    at Object.<anonymous> (/home/devilish/Hour Booster/src/environments.js:15:1)
    at Module._compile (node:internal/modules/cjs/loader:1529:14)
    at Module._extensions..js (node:internal/modules/cjs/loader:1613:10)
    at Module.load (node:internal/modules/cjs/loader:1275:32)
    at Module._load (node:internal/modules/cjs/loader:1096:12)
    at Module.require (node:internal/modules/cjs/loader:1298:19)
    at Hook._require.Module.require (/usr/lib/node_modules/pm2/node_modules/require-in-the-middle/index.js:101:39)
    at require (node:internal/modules/helpers:182:18)
    at Object.<anonymous> (/home/devilish/Hour Booster/src/discord-bot/index.js:11:22)
    at Module._compile (node:internal/modules/cjs/loader:1529:14)
[ ERR ] [2025-07-14 10:03:00 GMT+7] AssertionError [ERR_ASSERTION]: NODE_ENV is required
    at Object.<anonymous> (/home/devilish/Hour Booster/src/environments.js:15:1)
    at Module._compile (node:internal/modules/cjs/loader:1529:14)
    at Module._extensions..js (node:internal/modules/cjs/loader:1613:10)
    at Module.load (node:internal/modules/cjs/loader:1275:32)
    at Module._load (node:internal/modules/cjs/loader:1096:12)
    at Module.require (node:internal/modules/cjs/loader:1298:19)
    at Hook._require.Module.require (/usr/lib/node_modules/pm2/node_modules/require-in-the-middle/index.js:101:39)
    at require (node:internal/modules/helpers:182:18)
    at Object.<anonymous> (/home/devilish/Hour Booster/src/discord-bot/index.js:11:22)
    at Module._compile (node:internal/modules/cjs/loader:1529:14)
[ ERR ] [2025-07-14 10:03:03 GMT+7] AssertionError [ERR_ASSERTION]: NODE_ENV is required
    at Object.<anonymous> (/home/devilish/Hour Booster/src/environments.js:15:1)
    at Module._compile (node:internal/modules/cjs/loader:1529:14)
    at Module._extensions..js (node:internal/modules/cjs/loader:1613:10)
    at Module.load (node:internal/modules/cjs/loader:1275:32)
    at Module._load (node:internal/modules/cjs/loader:1096:12)
    at Module.require (node:internal/modules/cjs/loader:1298:19)
    at Hook._require.Module.require (/usr/lib/node_modules/pm2/node_modules/require-in-the-middle/index.js:101:39)
    at require (node:internal/modules/helpers:182:18)
    at Object.<anonymous> (/home/devilish/Hour Booster/src/discord-bot/index.js:11:22)
    at Module._compile (node:internal/modules/cjs/loader:1529:14)
[ ERR ] [2025-07-14 10:03:06 GMT+7] AssertionError [ERR_ASSERTION]: NODE_ENV is required
    at Object.<anonymous> (/home/devilish/Hour Booster/src/environments.js:15:1)
    at Module._compile (node:internal/modules/cjs/loader:1529:14)
    at Module._extensions..js (node:internal/modules/cjs/loader:1613:10)
    at Module.load (node:internal/modules/cjs/loader:1275:32)
    at Module._load (node:internal/modules/cjs/loader:1096:12)
    at Module.require (node:internal/modules/cjs/loader:1298:19)
    at Hook._require.Module.require (/usr/lib/node_modules/pm2/node_modules/require-in-the-middle/index.js:101:39)
    at require (node:internal/modules/helpers:182:18)
    at Object.<anonymous> (/home/devilish/Hour Booster/src/discord-bot/index.js:11:22)
    at Module._compile (node:internal/modules/cjs/loader:1529:14)
[ ERR ] [2025-07-14 10:03:09 GMT+7] AssertionError [ERR_ASSERTION]: NODE_ENV is required
    at Object.<anonymous> (/home/devilish/Hour Booster/src/environments.js:15:1)
    at Module._compile (node:internal/modules/cjs/loader:1529:14)
    at Module._extensions..js (node:internal/modules/cjs/loader:1613:10)
    at Module.load (node:internal/modules/cjs/loader:1275:32)
    at Module._load (node:internal/modules/cjs/loader:1096:12)
    at Module.require (node:internal/modules/cjs/loader:1298:19)
    at Hook._require.Module.require (/usr/lib/node_modules/pm2/node_modules/require-in-the-middle/index.js:101:39)
    at require (node:internal/modules/helpers:182:18)
    at Object.<anonymous> (/home/devilish/Hour Booster/src/discord-bot/index.js:11:22)
    at Module._compile (node:internal/modules/cjs/loader:1529:14)
[ ERR ] [2025-07-14 10:03:11 GMT+7] AssertionError [ERR_ASSERTION]: NODE_ENV is required
    at Object.<anonymous> (/home/devilish/Hour Booster/src/environments.js:15:1)
    at Module._compile (node:internal/modules/cjs/loader:1529:14)
    at Module._extensions..js (node:internal/modules/cjs/loader:1613:10)
    at Module.load (node:internal/modules/cjs/loader:1275:32)
    at Module._load (node:internal/modules/cjs/loader:1096:12)
    at Module.require (node:internal/modules/cjs/loader:1298:19)
    at Hook._require.Module.require (/usr/lib/node_modules/pm2/node_modules/require-in-the-middle/index.js:101:39)
    at require (node:internal/modules/helpers:182:18)
    at Object.<anonymous> (/home/devilish/Hour Booster/src/discord-bot/index.js:11:22)
    at Module._compile (node:internal/modules/cjs/loader:1529:14)
[ ERR ] [2025-07-14 10:03:14 GMT+7] AssertionError [ERR_ASSERTION]: NODE_ENV is required
    at Object.<anonymous> (/home/devilish/Hour Booster/src/environments.js:15:1)
    at Module._compile (node:internal/modules/cjs/loader:1529:14)
    at Module._extensions..js (node:internal/modules/cjs/loader:1613:10)
    at Module.load (node:internal/modules/cjs/loader:1275:32)
    at Module._load (node:internal/modules/cjs/loader:1096:12)
    at Module.require (node:internal/modules/cjs/loader:1298:19)
    at Hook._require.Module.require (/usr/lib/node_modules/pm2/node_modules/require-in-the-middle/index.js:101:39)
    at require (node:internal/modules/helpers:182:18)
    at Object.<anonymous> (/home/devilish/Hour Booster/src/discord-bot/index.js:11:22)
    at Module._compile (node:internal/modules/cjs/loader:1529:14)
[ ERR ] [2025-07-14 10:03:17 GMT+7] AssertionError [ERR_ASSERTION]: NODE_ENV is required
    at Object.<anonymous> (/home/devilish/Hour Booster/src/environments.js:15:1)
    at Module._compile (node:internal/modules/cjs/loader:1529:14)
    at Module._extensions..js (node:internal/modules/cjs/loader:1613:10)
    at Module.load (node:internal/modules/cjs/loader:1275:32)
    at Module._load (node:internal/modules/cjs/loader:1096:12)
    at Module.require (node:internal/modules/cjs/loader:1298:19)
    at Hook._require.Module.require (/usr/lib/node_modules/pm2/node_modules/require-in-the-middle/index.js:101:39)
    at require (node:internal/modules/helpers:182:18)
    at Object.<anonymous> (/home/devilish/Hour Booster/src/discord-bot/index.js:11:22)
    at Module._compile (node:internal/modules/cjs/loader:1529:14)
[ ERR ] [2025-07-14 10:03:21 GMT+7] AssertionError [ERR_ASSERTION]: CRYPTO_SECRET_KEY is required
    at Object.<anonymous> (/home/devilish/Hour Booster/src/environments.js:16:1)
    at Module._compile (node:internal/modules/cjs/loader:1529:14)
    at Module._extensions..js (node:internal/modules/cjs/loader:1613:10)
    at Module.load (node:internal/modules/cjs/loader:1275:32)
    at Module._load (node:internal/modules/cjs/loader:1096:12)
    at Module.require (node:internal/modules/cjs/loader:1298:19)
    at Hook._require.Module.require (/usr/lib/node_modules/pm2/node_modules/require-in-the-middle/index.js:101:39)
    at require (node:internal/modules/helpers:182:18)
    at Object.<anonymous> (/home/devilish/Hour Booster/src/discord-bot/index.js:11:22)
    at Module._compile (node:internal/modules/cjs/loader:1529:14)
[ ERR ] [2025-07-14 10:03:24 GMT+7] AssertionError [ERR_ASSERTION]: CRYPTO_SECRET_KEY is required
    at Object.<anonymous> (/home/devilish/Hour Booster/src/environments.js:16:1)
    at Module._compile (node:internal/modules/cjs/loader:1529:14)
    at Module._extensions..js (node:internal/modules/cjs/loader:1613:10)
    at Module.load (node:internal/modules/cjs/loader:1275:32)
    at Module._load (node:internal/modules/cjs/loader:1096:12)
    at Module.require (node:internal/modules/cjs/loader:1298:19)
    at Hook._require.Module.require (/usr/lib/node_modules/pm2/node_modules/require-in-the-middle/index.js:101:39)
    at require (node:internal/modules/helpers:182:18)
    at Object.<anonymous> (/home/devilish/Hour Booster/src/discord-bot/index.js:11:22)
    at Module._compile (node:internal/modules/cjs/loader:1529:14)
[ ERR ] [2025-07-14 10:03:27 GMT+7] AssertionError [ERR_ASSERTION]: CRYPTO_SECRET_KEY is required
    at Object.<anonymous> (/home/devilish/Hour Booster/src/environments.js:16:1)
    at Module._compile (node:internal/modules/cjs/loader:1529:14)
    at Module._extensions..js (node:internal/modules/cjs/loader:1613:10)
    at Module.load (node:internal/modules/cjs/loader:1275:32)
    at Module._load (node:internal/modules/cjs/loader:1096:12)
    at Module.require (node:internal/modules/cjs/loader:1298:19)
    at Hook._require.Module.require (/usr/lib/node_modules/pm2/node_modules/require-in-the-middle/index.js:101:39)
    at require (node:internal/modules/helpers:182:18)
    at Object.<anonymous> (/home/devilish/Hour Booster/src/discord-bot/index.js:11:22)
    at Module._compile (node:internal/modules/cjs/loader:1529:14)
[ ERR ] [2025-07-14 10:03:30 GMT+7] AssertionError [ERR_ASSERTION]: CRYPTO_SECRET_KEY is required
    at Object.<anonymous> (/home/devilish/Hour Booster/src/environments.js:16:1)
    at Module._compile (node:internal/modules/cjs/loader:1529:14)
    at Module._extensions..js (node:internal/modules/cjs/loader:1613:10)
    at Module.load (node:internal/modules/cjs/loader:1275:32)
    at Module._load (node:internal/modules/cjs/loader:1096:12)
    at Module.require (node:internal/modules/cjs/loader:1298:19)
    at Hook._require.Module.require (/usr/lib/node_modules/pm2/node_modules/require-in-the-middle/index.js:101:39)
    at require (node:internal/modules/helpers:182:18)
    at Object.<anonymous> (/home/devilish/Hour Booster/src/discord-bot/index.js:11:22)
    at Module._compile (node:internal/modules/cjs/loader:1529:14)
[ ERR ] [2025-07-14 10:03:33 GMT+7] AssertionError [ERR_ASSERTION]: CRYPTO_SECRET_KEY is required
    at Object.<anonymous> (/home/devilish/Hour Booster/src/environments.js:16:1)
    at Module._compile (node:internal/modules/cjs/loader:1529:14)
    at Module._extensions..js (node:internal/modules/cjs/loader:1613:10)
    at Module.load (node:internal/modules/cjs/loader:1275:32)
    at Module._load (node:internal/modules/cjs/loader:1096:12)
    at Module.require (node:internal/modules/cjs/loader:1298:19)
    at Hook._require.Module.require (/usr/lib/node_modules/pm2/node_modules/require-in-the-middle/index.js:101:39)
    at require (node:internal/modules/helpers:182:18)
    at Object.<anonymous> (/home/devilish/Hour Booster/src/discord-bot/index.js:11:22)
    at Module._compile (node:internal/modules/cjs/loader:1529:14)
[ ERR ] [2025-07-14 10:03:36 GMT+7] AssertionError [ERR_ASSERTION]: CRYPTO_SECRET_KEY is required
    at Object.<anonymous> (/home/devilish/Hour Booster/src/environments.js:16:1)
    at Module._compile (node:internal/modules/cjs/loader:1529:14)
    at Module._extensions..js (node:internal/modules/cjs/loader:1613:10)
    at Module.load (node:internal/modules/cjs/loader:1275:32)
    at Module._load (node:internal/modules/cjs/loader:1096:12)
    at Module.require (node:internal/modules/cjs/loader:1298:19)
    at Hook._require.Module.require (/usr/lib/node_modules/pm2/node_modules/require-in-the-middle/index.js:101:39)
    at require (node:internal/modules/helpers:182:18)
    at Object.<anonymous> (/home/devilish/Hour Booster/src/discord-bot/index.js:11:22)
    at Module._compile (node:internal/modules/cjs/loader:1529:14)
[ ERR ] [2025-07-14 10:03:39 GMT+7] AssertionError [ERR_ASSERTION]: CRYPTO_SECRET_KEY is required
    at Object.<anonymous> (/home/devilish/Hour Booster/src/environments.js:16:1)
    at Module._compile (node:internal/modules/cjs/loader:1529:14)
    at Module._extensions..js (node:internal/modules/cjs/loader:1613:10)
    at Module.load (node:internal/modules/cjs/loader:1275:32)
    at Module._load (node:internal/modules/cjs/loader:1096:12)
    at Module.require (node:internal/modules/cjs/loader:1298:19)
    at Hook._require.Module.require (/usr/lib/node_modules/pm2/node_modules/require-in-the-middle/index.js:101:39)
    at require (node:internal/modules/helpers:182:18)
    at Object.<anonymous> (/home/devilish/Hour Booster/src/discord-bot/index.js:11:22)
    at Module._compile (node:internal/modules/cjs/loader:1529:14)
[ ERR ] [2025-07-14 10:03:43 GMT+7] AssertionError [ERR_ASSERTION]: CRYPTO_SECRET_KEY is required
    at Object.<anonymous> (/home/devilish/Hour Booster/src/environments.js:16:1)
    at Module._compile (node:internal/modules/cjs/loader:1529:14)
    at Module._extensions..js (node:internal/modules/cjs/loader:1613:10)
    at Module.load (node:internal/modules/cjs/loader:1275:32)
    at Module._load (node:internal/modules/cjs/loader:1096:12)
    at Module.require (node:internal/modules/cjs/loader:1298:19)
    at Hook._require.Module.require (/usr/lib/node_modules/pm2/node_modules/require-in-the-middle/index.js:101:39)
    at require (node:internal/modules/helpers:182:18)
    at Object.<anonymous> (/home/devilish/Hour Booster/src/discord-bot/index.js:11:22)
    at Module._compile (node:internal/modules/cjs/loader:1529:14)
[ ERR ] [2025-07-14 10:03:46 GMT+7] AssertionError [ERR_ASSERTION]: CRYPTO_SECRET_KEY is required
    at Object.<anonymous> (/home/devilish/Hour Booster/src/environments.js:16:1)
    at Module._compile (node:internal/modules/cjs/loader:1529:14)
    at Module._extensions..js (node:internal/modules/cjs/loader:1613:10)
    at Module.load (node:internal/modules/cjs/loader:1275:32)
    at Module._load (node:internal/modules/cjs/loader:1096:12)
    at Module.require (node:internal/modules/cjs/loader:1298:19)
    at Hook._require.Module.require (/usr/lib/node_modules/pm2/node_modules/require-in-the-middle/index.js:101:39)
    at require (node:internal/modules/helpers:182:18)
    at Object.<anonymous> (/home/devilish/Hour Booster/src/discord-bot/index.js:11:22)
    at Module._compile (node:internal/modules/cjs/loader:1529:14)
[ ERR ] [2025-07-14 10:03:49 GMT+7] AssertionError [ERR_ASSERTION]: CRYPTO_SECRET_KEY is required
    at Object.<anonymous> (/home/devilish/Hour Booster/src/environments.js:16:1)
    at Module._compile (node:internal/modules/cjs/loader:1529:14)
    at Module._extensions..js (node:internal/modules/cjs/loader:1613:10)
    at Module.load (node:internal/modules/cjs/loader:1275:32)
    at Module._load (node:internal/modules/cjs/loader:1096:12)
    at Module.require (node:internal/modules/cjs/loader:1298:19)
    at Hook._require.Module.require (/usr/lib/node_modules/pm2/node_modules/require-in-the-middle/index.js:101:39)
    at require (node:internal/modules/helpers:182:18)
    at Object.<anonymous> (/home/devilish/Hour Booster/src/discord-bot/index.js:11:22)
    at Module._compile (node:internal/modules/cjs/loader:1529:14)
[ ERR ] [2025-07-14 10:03:52 GMT+7] AssertionError [ERR_ASSERTION]: CRYPTO_SECRET_KEY is required
    at Object.<anonymous> (/home/devilish/Hour Booster/src/environments.js:16:1)
    at Module._compile (node:internal/modules/cjs/loader:1529:14)
    at Module._extensions..js (node:internal/modules/cjs/loader:1613:10)
    at Module.load (node:internal/modules/cjs/loader:1275:32)
    at Module._load (node:internal/modules/cjs/loader:1096:12)
    at Module.require (node:internal/modules/cjs/loader:1298:19)
    at Hook._require.Module.require (/usr/lib/node_modules/pm2/node_modules/require-in-the-middle/index.js:101:39)
    at require (node:internal/modules/helpers:182:18)
    at Object.<anonymous> (/home/devilish/Hour Booster/src/discord-bot/index.js:11:22)
    at Module._compile (node:internal/modules/cjs/loader:1529:14)
[ ERR ] [2025-07-14 10:03:55 GMT+7] AssertionError [ERR_ASSERTION]: CRYPTO_SECRET_KEY is required
    at Object.<anonymous> (/home/devilish/Hour Booster/src/environments.js:16:1)
    at Module._compile (node:internal/modules/cjs/loader:1529:14)
    at Module._extensions..js (node:internal/modules/cjs/loader:1613:10)
    at Module.load (node:internal/modules/cjs/loader:1275:32)
    at Module._load (node:internal/modules/cjs/loader:1096:12)
    at Module.require (node:internal/modules/cjs/loader:1298:19)
    at Hook._require.Module.require (/usr/lib/node_modules/pm2/node_modules/require-in-the-middle/index.js:101:39)
    at require (node:internal/modules/helpers:182:18)
    at Object.<anonymous> (/home/devilish/Hour Booster/src/discord-bot/index.js:11:22)
    at Module._compile (node:internal/modules/cjs/loader:1529:14)
[ ERR ] [2025-07-14 10:03:58 GMT+7] AssertionError [ERR_ASSERTION]: CRYPTO_SECRET_KEY is required
    at Object.<anonymous> (/home/devilish/Hour Booster/src/environments.js:16:1)
    at Module._compile (node:internal/modules/cjs/loader:1529:14)
    at Module._extensions..js (node:internal/modules/cjs/loader:1613:10)
    at Module.load (node:internal/modules/cjs/loader:1275:32)
    at Module._load (node:internal/modules/cjs/loader:1096:12)
    at Module.require (node:internal/modules/cjs/loader:1298:19)
    at Hook._require.Module.require (/usr/lib/node_modules/pm2/node_modules/require-in-the-middle/index.js:101:39)
    at require (node:internal/modules/helpers:182:18)
    at Object.<anonymous> (/home/devilish/Hour Booster/src/discord-bot/index.js:11:22)
    at Module._compile (node:internal/modules/cjs/loader:1529:14)
[ ERR ] [2025-07-14 10:04:01 GMT+7] AssertionError [ERR_ASSERTION]: CRYPTO_SECRET_KEY is required
    at Object.<anonymous> (/home/devilish/Hour Booster/src/environments.js:16:1)
    at Module._compile (node:internal/modules/cjs/loader:1529:14)
    at Module._extensions..js (node:internal/modules/cjs/loader:1613:10)
    at Module.load (node:internal/modules/cjs/loader:1275:32)
    at Module._load (node:internal/modules/cjs/loader:1096:12)
    at Module.require (node:internal/modules/cjs/loader:1298:19)
    at Hook._require.Module.require (/usr/lib/node_modules/pm2/node_modules/require-in-the-middle/index.js:101:39)
    at require (node:internal/modules/helpers:182:18)
    at Object.<anonymous> (/home/devilish/Hour Booster/src/discord-bot/index.js:11:22)
    at Module._compile (node:internal/modules/cjs/loader:1529:14)
[ ERR ] [2025-07-14 10:04:04 GMT+7] AssertionError [ERR_ASSERTION]: CRYPTO_SECRET_KEY is required
    at Object.<anonymous> (/home/devilish/Hour Booster/src/environments.js:16:1)
    at Module._compile (node:internal/modules/cjs/loader:1529:14)
    at Module._extensions..js (node:internal/modules/cjs/loader:1613:10)
    at Module.load (node:internal/modules/cjs/loader:1275:32)
    at Module._load (node:internal/modules/cjs/loader:1096:12)
    at Module.require (node:internal/modules/cjs/loader:1298:19)
    at Hook._require.Module.require (/usr/lib/node_modules/pm2/node_modules/require-in-the-middle/index.js:101:39)
    at require (node:internal/modules/helpers:182:18)
    at Object.<anonymous> (/home/devilish/Hour Booster/src/discord-bot/index.js:11:22)
    at Module._compile (node:internal/modules/cjs/loader:1529:14)
[ ERR ] [2025-07-14 10:04:08 GMT+7] AssertionError [ERR_ASSERTION]: CRYPTO_SECRET_KEY is required
    at Object.<anonymous> (/home/devilish/Hour Booster/src/environments.js:16:1)
    at Module._compile (node:internal/modules/cjs/loader:1529:14)
    at Module._extensions..js (node:internal/modules/cjs/loader:1613:10)
    at Module.load (node:internal/modules/cjs/loader:1275:32)
    at Module._load (node:internal/modules/cjs/loader:1096:12)
    at Module.require (node:internal/modules/cjs/loader:1298:19)
    at Hook._require.Module.require (/usr/lib/node_modules/pm2/node_modules/require-in-the-middle/index.js:101:39)
    at require (node:internal/modules/helpers:182:18)
    at Object.<anonymous> (/home/devilish/Hour Booster/src/discord-bot/index.js:11:22)
    at Module._compile (node:internal/modules/cjs/loader:1529:14)
[ ERR ] [2025-07-14 10:04:11 GMT+7] AssertionError [ERR_ASSERTION]: CRYPTO_SECRET_KEY is required
    at Object.<anonymous> (/home/devilish/Hour Booster/src/environments.js:16:1)
    at Module._compile (node:internal/modules/cjs/loader:1529:14)
    at Module._extensions..js (node:internal/modules/cjs/loader:1613:10)
    at Module.load (node:internal/modules/cjs/loader:1275:32)
    at Module._load (node:internal/modules/cjs/loader:1096:12)
    at Module.require (node:internal/modules/cjs/loader:1298:19)
    at Hook._require.Module.require (/usr/lib/node_modules/pm2/node_modules/require-in-the-middle/index.js:101:39)
    at require (node:internal/modules/helpers:182:18)
    at Object.<anonymous> (/home/devilish/Hour Booster/src/discord-bot/index.js:11:22)
    at Module._compile (node:internal/modules/cjs/loader:1529:14)
[ ERR ] [2025-07-14 10:04:14 GMT+7] AssertionError [ERR_ASSERTION]: CRYPTO_SECRET_KEY is required
    at Object.<anonymous> (/home/devilish/Hour Booster/src/environments.js:16:1)
    at Module._compile (node:internal/modules/cjs/loader:1529:14)
    at Module._extensions..js (node:internal/modules/cjs/loader:1613:10)
    at Module.load (node:internal/modules/cjs/loader:1275:32)
    at Module._load (node:internal/modules/cjs/loader:1096:12)
    at Module.require (node:internal/modules/cjs/loader:1298:19)
    at Hook._require.Module.require (/usr/lib/node_modules/pm2/node_modules/require-in-the-middle/index.js:101:39)
    at require (node:internal/modules/helpers:182:18)
    at Object.<anonymous> (/home/devilish/Hour Booster/src/discord-bot/index.js:11:22)
    at Module._compile (node:internal/modules/cjs/loader:1529:14)
[ ERR ] [2025-07-14 10:04:17 GMT+7] AssertionError [ERR_ASSERTION]: CRYPTO_SECRET_KEY is required
    at Object.<anonymous> (/home/devilish/Hour Booster/src/environments.js:16:1)
    at Module._compile (node:internal/modules/cjs/loader:1529:14)
    at Module._extensions..js (node:internal/modules/cjs/loader:1613:10)
    at Module.load (node:internal/modules/cjs/loader:1275:32)
    at Module._load (node:internal/modules/cjs/loader:1096:12)
    at Module.require (node:internal/modules/cjs/loader:1298:19)
    at Hook._require.Module.require (/usr/lib/node_modules/pm2/node_modules/require-in-the-middle/index.js:101:39)
    at require (node:internal/modules/helpers:182:18)
    at Object.<anonymous> (/home/devilish/Hour Booster/src/discord-bot/index.js:11:22)
    at Module._compile (node:internal/modules/cjs/loader:1529:14)
[ ERR ] [2025-07-14 10:04:21 GMT+7] AssertionError [ERR_ASSERTION]: CRYPTO_SECRET_KEY is required
    at Object.<anonymous> (/home/devilish/Hour Booster/src/environments.js:16:1)
    at Module._compile (node:internal/modules/cjs/loader:1529:14)
    at Module._extensions..js (node:internal/modules/cjs/loader:1613:10)
    at Module.load (node:internal/modules/cjs/loader:1275:32)
    at Module._load (node:internal/modules/cjs/loader:1096:12)
    at Module.require (node:internal/modules/cjs/loader:1298:19)
    at Hook._require.Module.require (/usr/lib/node_modules/pm2/node_modules/require-in-the-middle/index.js:101:39)
    at require (node:internal/modules/helpers:182:18)
    at Object.<anonymous> (/home/devilish/Hour Booster/src/discord-bot/index.js:11:22)
    at Module._compile (node:internal/modules/cjs/loader:1529:14)
[ ERR ] [2025-07-14 10:04:24 GMT+7] AssertionError [ERR_ASSERTION]: CRYPTO_SECRET_KEY is required
    at Object.<anonymous> (/home/devilish/Hour Booster/src/environments.js:16:1)
    at Module._compile (node:internal/modules/cjs/loader:1529:14)
    at Module._extensions..js (node:internal/modules/cjs/loader:1613:10)
    at Module.load (node:internal/modules/cjs/loader:1275:32)
    at Module._load (node:internal/modules/cjs/loader:1096:12)
    at Module.require (node:internal/modules/cjs/loader:1298:19)
    at Hook._require.Module.require (/usr/lib/node_modules/pm2/node_modules/require-in-the-middle/index.js:101:39)
    at require (node:internal/modules/helpers:182:18)
    at Object.<anonymous> (/home/devilish/Hour Booster/src/discord-bot/index.js:11:22)
    at Module._compile (node:internal/modules/cjs/loader:1529:14)
[ ERR ] [2025-07-14 10:04:27 GMT+7] AssertionError [ERR_ASSERTION]: CRYPTO_SECRET_KEY is required
    at Object.<anonymous> (/home/devilish/Hour Booster/src/environments.js:16:1)
    at Module._compile (node:internal/modules/cjs/loader:1529:14)
    at Module._extensions..js (node:internal/modules/cjs/loader:1613:10)
    at Module.load (node:internal/modules/cjs/loader:1275:32)
    at Module._load (node:internal/modules/cjs/loader:1096:12)
    at Module.require (node:internal/modules/cjs/loader:1298:19)
    at Hook._require.Module.require (/usr/lib/node_modules/pm2/node_modules/require-in-the-middle/index.js:101:39)
    at require (node:internal/modules/helpers:182:18)
    at Object.<anonymous> (/home/devilish/Hour Booster/src/discord-bot/index.js:11:22)
    at Module._compile (node:internal/modules/cjs/loader:1529:14)
[ ERR ] [2025-07-14 10:04:30 GMT+7] AssertionError [ERR_ASSERTION]: CRYPTO_SECRET_KEY is required
    at Object.<anonymous> (/home/devilish/Hour Booster/src/environments.js:16:1)
    at Module._compile (node:internal/modules/cjs/loader:1529:14)
    at Module._extensions..js (node:internal/modules/cjs/loader:1613:10)
    at Module.load (node:internal/modules/cjs/loader:1275:32)
    at Module._load (node:internal/modules/cjs/loader:1096:12)
    at Module.require (node:internal/modules/cjs/loader:1298:19)
    at Hook._require.Module.require (/usr/lib/node_modules/pm2/node_modules/require-in-the-middle/index.js:101:39)
    at require (node:internal/modules/helpers:182:18)
    at Object.<anonymous> (/home/devilish/Hour Booster/src/discord-bot/index.js:11:22)
    at Module._compile (node:internal/modules/cjs/loader:1529:14)
[ ERR ] [2025-07-14 10:04:33 GMT+7] AssertionError [ERR_ASSERTION]: CRYPTO_SECRET_KEY is required
    at Object.<anonymous> (/home/devilish/Hour Booster/src/environments.js:16:1)
    at Module._compile (node:internal/modules/cjs/loader:1529:14)
    at Module._extensions..js (node:internal/modules/cjs/loader:1613:10)
    at Module.load (node:internal/modules/cjs/loader:1275:32)
    at Module._load (node:internal/modules/cjs/loader:1096:12)
    at Module.require (node:internal/modules/cjs/loader:1298:19)
    at Hook._require.Module.require (/usr/lib/node_modules/pm2/node_modules/require-in-the-middle/index.js:101:39)
    at require (node:internal/modules/helpers:182:18)
    at Object.<anonymous> (/home/devilish/Hour Booster/src/discord-bot/index.js:11:22)
    at Module._compile (node:internal/modules/cjs/loader:1529:14)
[ ERR ] [2025-07-14 10:04:36 GMT+7] AssertionError [ERR_ASSERTION]: CRYPTO_SECRET_KEY is required
    at Object.<anonymous> (/home/devilish/Hour Booster/src/environments.js:16:1)
    at Module._compile (node:internal/modules/cjs/loader:1529:14)
    at Module._extensions..js (node:internal/modules/cjs/loader:1613:10)
    at Module.load (node:internal/modules/cjs/loader:1275:32)
    at Module._load (node:internal/modules/cjs/loader:1096:12)
    at Module.require (node:internal/modules/cjs/loader:1298:19)
    at Hook._require.Module.require (/usr/lib/node_modules/pm2/node_modules/require-in-the-middle/index.js:101:39)
    at require (node:internal/modules/helpers:182:18)
    at Object.<anonymous> (/home/devilish/Hour Booster/src/discord-bot/index.js:11:22)
    at Module._compile (node:internal/modules/cjs/loader:1529:14)
[ ERR ] [2025-07-14 10:04:39 GMT+7] AssertionError [ERR_ASSERTION]: CRYPTO_SECRET_KEY is required
    at Object.<anonymous> (/home/devilish/Hour Booster/src/environments.js:16:1)
    at Module._compile (node:internal/modules/cjs/loader:1529:14)
    at Module._extensions..js (node:internal/modules/cjs/loader:1613:10)
    at Module.load (node:internal/modules/cjs/loader:1275:32)
    at Module._load (node:internal/modules/cjs/loader:1096:12)
    at Module.require (node:internal/modules/cjs/loader:1298:19)
    at Hook._require.Module.require (/usr/lib/node_modules/pm2/node_modules/require-in-the-middle/index.js:101:39)
    at require (node:internal/modules/helpers:182:18)
    at Object.<anonymous> (/home/devilish/Hour Booster/src/discord-bot/index.js:11:22)
    at Module._compile (node:internal/modules/cjs/loader:1529:14)
[ ERR ] [2025-07-14 10:04:43 GMT+7] AssertionError [ERR_ASSERTION]: CRYPTO_SECRET_KEY is required
    at Object.<anonymous> (/home/devilish/Hour Booster/src/environments.js:16:1)
    at Module._compile (node:internal/modules/cjs/loader:1529:14)
    at Module._extensions..js (node:internal/modules/cjs/loader:1613:10)
    at Module.load (node:internal/modules/cjs/loader:1275:32)
    at Module._load (node:internal/modules/cjs/loader:1096:12)
    at Module.require (node:internal/modules/cjs/loader:1298:19)
    at Hook._require.Module.require (/usr/lib/node_modules/pm2/node_modules/require-in-the-middle/index.js:101:39)
    at require (node:internal/modules/helpers:182:18)
    at Object.<anonymous> (/home/devilish/Hour Booster/src/discord-bot/index.js:11:22)
    at Module._compile (node:internal/modules/cjs/loader:1529:14)
[ ERR ] [2025-07-14 10:04:46 GMT+7] AssertionError [ERR_ASSERTION]: CRYPTO_SECRET_KEY is required
    at Object.<anonymous> (/home/devilish/Hour Booster/src/environments.js:16:1)
    at Module._compile (node:internal/modules/cjs/loader:1529:14)
    at Module._extensions..js (node:internal/modules/cjs/loader:1613:10)
    at Module.load (node:internal/modules/cjs/loader:1275:32)
    at Module._load (node:internal/modules/cjs/loader:1096:12)
    at Module.require (node:internal/modules/cjs/loader:1298:19)
    at Hook._require.Module.require (/usr/lib/node_modules/pm2/node_modules/require-in-the-middle/index.js:101:39)
    at require (node:internal/modules/helpers:182:18)
    at Object.<anonymous> (/home/devilish/Hour Booster/src/discord-bot/index.js:11:22)
    at Module._compile (node:internal/modules/cjs/loader:1529:14)
[ ERR ] [2025-07-14 10:04:48 GMT+7] AssertionError [ERR_ASSERTION]: CRYPTO_SECRET_KEY is required
    at Object.<anonymous> (/home/devilish/Hour Booster/src/environments.js:16:1)
    at Module._compile (node:internal/modules/cjs/loader:1529:14)
    at Module._extensions..js (node:internal/modules/cjs/loader:1613:10)
    at Module.load (node:internal/modules/cjs/loader:1275:32)
    at Module._load (node:internal/modules/cjs/loader:1096:12)
    at Module.require (node:internal/modules/cjs/loader:1298:19)
    at Hook._require.Module.require (/usr/lib/node_modules/pm2/node_modules/require-in-the-middle/index.js:101:39)
    at require (node:internal/modules/helpers:182:18)
    at Object.<anonymous> (/home/devilish/Hour Booster/src/discord-bot/index.js:11:22)
    at Module._compile (node:internal/modules/cjs/loader:1529:14)
[ ERR ] [2025-07-14 10:04:52 GMT+7] AssertionError [ERR_ASSERTION]: CRYPTO_SECRET_KEY is required
    at Object.<anonymous> (/home/devilish/Hour Booster/src/environments.js:16:1)
    at Module._compile (node:internal/modules/cjs/loader:1529:14)
    at Module._extensions..js (node:internal/modules/cjs/loader:1613:10)
    at Module.load (node:internal/modules/cjs/loader:1275:32)
    at Module._load (node:internal/modules/cjs/loader:1096:12)
    at Module.require (node:internal/modules/cjs/loader:1298:19)
    at Hook._require.Module.require (/usr/lib/node_modules/pm2/node_modules/require-in-the-middle/index.js:101:39)
    at require (node:internal/modules/helpers:182:18)
    at Object.<anonymous> (/home/devilish/Hour Booster/src/discord-bot/index.js:11:22)
    at Module._compile (node:internal/modules/cjs/loader:1529:14)
[ ERR ] [2025-07-14 10:04:55 GMT+7] AssertionError [ERR_ASSERTION]: CRYPTO_SECRET_KEY is required
    at Object.<anonymous> (/home/devilish/Hour Booster/src/environments.js:16:1)
    at Module._compile (node:internal/modules/cjs/loader:1529:14)
    at Module._extensions..js (node:internal/modules/cjs/loader:1613:10)
    at Module.load (node:internal/modules/cjs/loader:1275:32)
    at Module._load (node:internal/modules/cjs/loader:1096:12)
    at Module.require (node:internal/modules/cjs/loader:1298:19)
    at Hook._require.Module.require (/usr/lib/node_modules/pm2/node_modules/require-in-the-middle/index.js:101:39)
    at require (node:internal/modules/helpers:182:18)
    at Object.<anonymous> (/home/devilish/Hour Booster/src/discord-bot/index.js:11:22)
    at Module._compile (node:internal/modules/cjs/loader:1529:14)
[ ERR ] [2025-07-14 10:04:58 GMT+7] AssertionError [ERR_ASSERTION]: CRYPTO_SECRET_KEY is required
    at Object.<anonymous> (/home/devilish/Hour Booster/src/environments.js:16:1)
    at Module._compile (node:internal/modules/cjs/loader:1529:14)
    at Module._extensions..js (node:internal/modules/cjs/loader:1613:10)
    at Module.load (node:internal/modules/cjs/loader:1275:32)
    at Module._load (node:internal/modules/cjs/loader:1096:12)
    at Module.require (node:internal/modules/cjs/loader:1298:19)
    at Hook._require.Module.require (/usr/lib/node_modules/pm2/node_modules/require-in-the-middle/index.js:101:39)
    at require (node:internal/modules/helpers:182:18)
    at Object.<anonymous> (/home/devilish/Hour Booster/src/discord-bot/index.js:11:22)
    at Module._compile (node:internal/modules/cjs/loader:1529:14)
[ ERR ] [2025-07-14 10:05:01 GMT+7] AssertionError [ERR_ASSERTION]: CRYPTO_SECRET_KEY is required
    at Object.<anonymous> (/home/devilish/Hour Booster/src/environments.js:16:1)
    at Module._compile (node:internal/modules/cjs/loader:1529:14)
    at Module._extensions..js (node:internal/modules/cjs/loader:1613:10)
    at Module.load (node:internal/modules/cjs/loader:1275:32)
    at Module._load (node:internal/modules/cjs/loader:1096:12)
    at Module.require (node:internal/modules/cjs/loader:1298:19)
    at Hook._require.Module.require (/usr/lib/node_modules/pm2/node_modules/require-in-the-middle/index.js:101:39)
    at require (node:internal/modules/helpers:182:18)
    at Object.<anonymous> (/home/devilish/Hour Booster/src/discord-bot/index.js:11:22)
    at Module._compile (node:internal/modules/cjs/loader:1529:14)
[ ERR ] [2025-07-14 10:05:04 GMT+7] AssertionError [ERR_ASSERTION]: CRYPTO_SECRET_KEY is required
    at Object.<anonymous> (/home/devilish/Hour Booster/src/environments.js:16:1)
    at Module._compile (node:internal/modules/cjs/loader:1529:14)
    at Module._extensions..js (node:internal/modules/cjs/loader:1613:10)
    at Module.load (node:internal/modules/cjs/loader:1275:32)
    at Module._load (node:internal/modules/cjs/loader:1096:12)
    at Module.require (node:internal/modules/cjs/loader:1298:19)
    at Hook._require.Module.require (/usr/lib/node_modules/pm2/node_modules/require-in-the-middle/index.js:101:39)
    at require (node:internal/modules/helpers:182:18)
    at Object.<anonymous> (/home/devilish/Hour Booster/src/discord-bot/index.js:11:22)
    at Module._compile (node:internal/modules/cjs/loader:1529:14)
[ ERR ] [2025-07-14 10:05:08 GMT+7] AssertionError [ERR_ASSERTION]: CRYPTO_SECRET_KEY is required
    at Object.<anonymous> (/home/devilish/Hour Booster/src/environments.js:16:1)
    at Module._compile (node:internal/modules/cjs/loader:1529:14)
    at Module._extensions..js (node:internal/modules/cjs/loader:1613:10)
    at Module.load (node:internal/modules/cjs/loader:1275:32)
    at Module._load (node:internal/modules/cjs/loader:1096:12)
    at Module.require (node:internal/modules/cjs/loader:1298:19)
    at Hook._require.Module.require (/usr/lib/node_modules/pm2/node_modules/require-in-the-middle/index.js:101:39)
    at require (node:internal/modules/helpers:182:18)
    at Object.<anonymous> (/home/devilish/Hour Booster/src/discord-bot/index.js:11:22)
    at Module._compile (node:internal/modules/cjs/loader:1529:14)
[ ERR ] [2025-07-14 10:05:10 GMT+7] AssertionError [ERR_ASSERTION]: CRYPTO_SECRET_KEY is required
    at Object.<anonymous> (/home/devilish/Hour Booster/src/environments.js:16:1)
    at Module._compile (node:internal/modules/cjs/loader:1529:14)
    at Module._extensions..js (node:internal/modules/cjs/loader:1613:10)
    at Module.load (node:internal/modules/cjs/loader:1275:32)
    at Module._load (node:internal/modules/cjs/loader:1096:12)
    at Module.require (node:internal/modules/cjs/loader:1298:19)
    at Hook._require.Module.require (/usr/lib/node_modules/pm2/node_modules/require-in-the-middle/index.js:101:39)
    at require (node:internal/modules/helpers:182:18)
    at Object.<anonymous> (/home/devilish/Hour Booster/src/discord-bot/index.js:11:22)
    at Module._compile (node:internal/modules/cjs/loader:1529:14)
[ ERR ] [2025-07-14 10:05:14 GMT+7] AssertionError [ERR_ASSERTION]: CRYPTO_SECRET_KEY is required
    at Object.<anonymous> (/home/devilish/Hour Booster/src/environments.js:16:1)
    at Module._compile (node:internal/modules/cjs/loader:1529:14)
    at Module._extensions..js (node:internal/modules/cjs/loader:1613:10)
    at Module.load (node:internal/modules/cjs/loader:1275:32)
    at Module._load (node:internal/modules/cjs/loader:1096:12)
    at Module.require (node:internal/modules/cjs/loader:1298:19)
    at Hook._require.Module.require (/usr/lib/node_modules/pm2/node_modules/require-in-the-middle/index.js:101:39)
    at require (node:internal/modules/helpers:182:18)
    at Object.<anonymous> (/home/devilish/Hour Booster/src/discord-bot/index.js:11:22)
    at Module._compile (node:internal/modules/cjs/loader:1529:14)
[ ERR ] [2025-07-14 10:05:17 GMT+7] AssertionError [ERR_ASSERTION]: CRYPTO_SECRET_KEY is required
    at Object.<anonymous> (/home/devilish/Hour Booster/src/environments.js:16:1)
    at Module._compile (node:internal/modules/cjs/loader:1529:14)
    at Module._extensions..js (node:internal/modules/cjs/loader:1613:10)
    at Module.load (node:internal/modules/cjs/loader:1275:32)
    at Module._load (node:internal/modules/cjs/loader:1096:12)
    at Module.require (node:internal/modules/cjs/loader:1298:19)
    at Hook._require.Module.require (/usr/lib/node_modules/pm2/node_modules/require-in-the-middle/index.js:101:39)
    at require (node:internal/modules/helpers:182:18)
    at Object.<anonymous> (/home/devilish/Hour Booster/src/discord-bot/index.js:11:22)
    at Module._compile (node:internal/modules/cjs/loader:1529:14)
[ ERR ] [2025-07-14 10:05:20 GMT+7] AssertionError [ERR_ASSERTION]: CRYPTO_SECRET_KEY is required
    at Object.<anonymous> (/home/devilish/Hour Booster/src/environments.js:16:1)
    at Module._compile (node:internal/modules/cjs/loader:1529:14)
    at Module._extensions..js (node:internal/modules/cjs/loader:1613:10)
    at Module.load (node:internal/modules/cjs/loader:1275:32)
    at Module._load (node:internal/modules/cjs/loader:1096:12)
    at Module.require (node:internal/modules/cjs/loader:1298:19)
    at Hook._require.Module.require (/usr/lib/node_modules/pm2/node_modules/require-in-the-middle/index.js:101:39)
    at require (node:internal/modules/helpers:182:18)
    at Object.<anonymous> (/home/devilish/Hour Booster/src/discord-bot/index.js:11:22)
    at Module._compile (node:internal/modules/cjs/loader:1529:14)
[ ERR ] [2025-07-14 10:05:23 GMT+7] AssertionError [ERR_ASSERTION]: CRYPTO_SECRET_KEY is required
    at Object.<anonymous> (/home/devilish/Hour Booster/src/environments.js:16:1)
    at Module._compile (node:internal/modules/cjs/loader:1529:14)
    at Module._extensions..js (node:internal/modules/cjs/loader:1613:10)
    at Module.load (node:internal/modules/cjs/loader:1275:32)
    at Module._load (node:internal/modules/cjs/loader:1096:12)
    at Module.require (node:internal/modules/cjs/loader:1298:19)
    at Hook._require.Module.require (/usr/lib/node_modules/pm2/node_modules/require-in-the-middle/index.js:101:39)
    at require (node:internal/modules/helpers:182:18)
    at Object.<anonymous> (/home/devilish/Hour Booster/src/discord-bot/index.js:11:22)
    at Module._compile (node:internal/modules/cjs/loader:1529:14)
[ ERR ] [2025-07-14 10:05:26 GMT+7] AssertionError [ERR_ASSERTION]: CRYPTO_SECRET_KEY is required
    at Object.<anonymous> (/home/devilish/Hour Booster/src/environments.js:16:1)
    at Module._compile (node:internal/modules/cjs/loader:1529:14)
    at Module._extensions..js (node:internal/modules/cjs/loader:1613:10)
    at Module.load (node:internal/modules/cjs/loader:1275:32)
    at Module._load (node:internal/modules/cjs/loader:1096:12)
    at Module.require (node:internal/modules/cjs/loader:1298:19)
    at Hook._require.Module.require (/usr/lib/node_modules/pm2/node_modules/require-in-the-middle/index.js:101:39)
    at require (node:internal/modules/helpers:182:18)
    at Object.<anonymous> (/home/devilish/Hour Booster/src/discord-bot/index.js:11:22)
    at Module._compile (node:internal/modules/cjs/loader:1529:14)
[ ERR ] [2025-07-14 10:05:29 GMT+7] AssertionError [ERR_ASSERTION]: CRYPTO_SECRET_KEY is required
    at Object.<anonymous> (/home/devilish/Hour Booster/src/environments.js:16:1)
    at Module._compile (node:internal/modules/cjs/loader:1529:14)
    at Module._extensions..js (node:internal/modules/cjs/loader:1613:10)
    at Module.load (node:internal/modules/cjs/loader:1275:32)
    at Module._load (node:internal/modules/cjs/loader:1096:12)
    at Module.require (node:internal/modules/cjs/loader:1298:19)
    at Hook._require.Module.require (/usr/lib/node_modules/pm2/node_modules/require-in-the-middle/index.js:101:39)
    at require (node:internal/modules/helpers:182:18)
    at Object.<anonymous> (/home/devilish/Hour Booster/src/discord-bot/index.js:11:22)
    at Module._compile (node:internal/modules/cjs/loader:1529:14)
[ ERR ] [2025-07-14 10:05:32 GMT+7] ReferenceError: DISCORD_CLIENT_ID is not defined
    at Object.<anonymous> (/home/devilish/Hour Booster/src/environments.js:9:8)
    at Module._compile (node:internal/modules/cjs/loader:1529:14)
    at Module._extensions..js (node:internal/modules/cjs/loader:1613:10)
    at Module.load (node:internal/modules/cjs/loader:1275:32)
    at Module._load (node:internal/modules/cjs/loader:1096:12)
    at Module.require (node:internal/modules/cjs/loader:1298:19)
    at Hook._require.Module.require (/usr/lib/node_modules/pm2/node_modules/require-in-the-middle/index.js:101:39)
    at require (node:internal/modules/helpers:182:18)
    at Object.<anonymous> (/home/devilish/Hour Booster/src/discord-bot/index.js:11:22)
    at Module._compile (node:internal/modules/cjs/loader:1529:14)
[ ERR ] [2025-07-14 10:05:35 GMT+7] ReferenceError: DISCORD_CLIENT_ID is not defined
    at Object.<anonymous> (/home/devilish/Hour Booster/src/environments.js:9:8)
    at Module._compile (node:internal/modules/cjs/loader:1529:14)
    at Module._extensions..js (node:internal/modules/cjs/loader:1613:10)
    at Module.load (node:internal/modules/cjs/loader:1275:32)
    at Module._load (node:internal/modules/cjs/loader:1096:12)
    at Module.require (node:internal/modules/cjs/loader:1298:19)
    at Hook._require.Module.require (/usr/lib/node_modules/pm2/node_modules/require-in-the-middle/index.js:101:39)
    at require (node:internal/modules/helpers:182:18)
    at Object.<anonymous> (/home/devilish/Hour Booster/src/discord-bot/index.js:11:22)
    at Module._compile (node:internal/modules/cjs/loader:1529:14)
[ ERR ] [2025-07-14 10:05:39 GMT+7] ReferenceError: DISCORD_BOT_TOKEN is not defined
    at Object.<anonymous> (/home/devilish/Hour Booster/src/environments.js:10:8)
    at Module._compile (node:internal/modules/cjs/loader:1529:14)
    at Module._extensions..js (node:internal/modules/cjs/loader:1613:10)
    at Module.load (node:internal/modules/cjs/loader:1275:32)
    at Module._load (node:internal/modules/cjs/loader:1096:12)
    at Module.require (node:internal/modules/cjs/loader:1298:19)
    at Hook._require.Module.require (/usr/lib/node_modules/pm2/node_modules/require-in-the-middle/index.js:101:39)
    at require (node:internal/modules/helpers:182:18)
    at Object.<anonymous> (/home/devilish/Hour Booster/src/discord-bot/index.js:11:22)
    at Module._compile (node:internal/modules/cjs/loader:1529:14)
[ ERR ] [2025-07-14 10:05:40 GMT+7] ReferenceError: DISCORD_BOT_TOKEN is not defined
    at Object.<anonymous> (/home/devilish/Hour Booster/src/environments.js:10:8)
    at Module._compile (node:internal/modules/cjs/loader:1529:14)
    at Module._extensions..js (node:internal/modules/cjs/loader:1613:10)
    at Module.load (node:internal/modules/cjs/loader:1275:32)
    at Module._load (node:internal/modules/cjs/loader:1096:12)
    at Module.require (node:internal/modules/cjs/loader:1298:19)
    at Hook._require.Module.require (/usr/lib/node_modules/pm2/node_modules/require-in-the-middle/index.js:101:39)
    at require (node:internal/modules/helpers:182:18)
    at Object.<anonymous> (/home/devilish/Hour Booster/src/discord-bot/index.js:11:22)
    at Module._compile (node:internal/modules/cjs/loader:1529:14)
[ ERR ] [2025-07-14 10:05:43 GMT+7] ReferenceError: DISCORD_BOT_TOKEN is not defined
    at Object.<anonymous> (/home/devilish/Hour Booster/src/environments.js:10:8)
    at Module._compile (node:internal/modules/cjs/loader:1529:14)
    at Module._extensions..js (node:internal/modules/cjs/loader:1613:10)
    at Module.load (node:internal/modules/cjs/loader:1275:32)
    at Module._load (node:internal/modules/cjs/loader:1096:12)
    at Module.require (node:internal/modules/cjs/loader:1298:19)
    at Hook._require.Module.require (/usr/lib/node_modules/pm2/node_modules/require-in-the-middle/index.js:101:39)
    at require (node:internal/modules/helpers:182:18)
    at Object.<anonymous> (/home/devilish/Hour Booster/src/discord-bot/index.js:11:22)
    at Module._compile (node:internal/modules/cjs/loader:1529:14)
[ ERR ] [2025-07-14 10:05:46 GMT+7] ReferenceError: DISCORD_BOT_TOKEN is not defined
    at Object.<anonymous> (/home/devilish/Hour Booster/src/environments.js:10:8)
    at Module._compile (node:internal/modules/cjs/loader:1529:14)
    at Module._extensions..js (node:internal/modules/cjs/loader:1613:10)
    at Module.load (node:internal/modules/cjs/loader:1275:32)
    at Module._load (node:internal/modules/cjs/loader:1096:12)
    at Module.require (node:internal/modules/cjs/loader:1298:19)
    at Hook._require.Module.require (/usr/lib/node_modules/pm2/node_modules/require-in-the-middle/index.js:101:39)
    at require (node:internal/modules/helpers:182:18)
    at Object.<anonymous> (/home/devilish/Hour Booster/src/discord-bot/index.js:11:22)
    at Module._compile (node:internal/modules/cjs/loader:1529:14)
[ ERR ] [2025-07-14 10:05:49 GMT+7] ReferenceError: DISCORD_GUILD_ID is not defined
    at Object.<anonymous> (/home/devilish/Hour Booster/src/environments.js:11:8)
    at Module._compile (node:internal/modules/cjs/loader:1529:14)
    at Module._extensions..js (node:internal/modules/cjs/loader:1613:10)
    at Module.load (node:internal/modules/cjs/loader:1275:32)
    at Module._load (node:internal/modules/cjs/loader:1096:12)
    at Module.require (node:internal/modules/cjs/loader:1298:19)
    at Hook._require.Module.require (/usr/lib/node_modules/pm2/node_modules/require-in-the-middle/index.js:101:39)
    at require (node:internal/modules/helpers:182:18)
    at Object.<anonymous> (/home/devilish/Hour Booster/src/discord-bot/index.js:11:22)
    at Module._compile (node:internal/modules/cjs/loader:1529:14)
[ ERR ] [2025-07-14 10:05:52 GMT+7] ReferenceError: DISCORD_GUILD_ID is not defined
    at Object.<anonymous> (/home/devilish/Hour Booster/src/environments.js:11:8)
    at Module._compile (node:internal/modules/cjs/loader:1529:14)
    at Module._extensions..js (node:internal/modules/cjs/loader:1613:10)
    at Module.load (node:internal/modules/cjs/loader:1275:32)
    at Module._load (node:internal/modules/cjs/loader:1096:12)
    at Module.require (node:internal/modules/cjs/loader:1298:19)
    at Hook._require.Module.require (/usr/lib/node_modules/pm2/node_modules/require-in-the-middle/index.js:101:39)
    at require (node:internal/modules/helpers:182:18)
    at Object.<anonymous> (/home/devilish/Hour Booster/src/discord-bot/index.js:11:22)
    at Module._compile (node:internal/modules/cjs/loader:1529:14)
[ ERR ] [2025-07-14 10:05:55 GMT+7] ReferenceError: DISCORD_ADMIN_ID is not defined
    at Object.<anonymous> (/home/devilish/Hour Booster/src/environments.js:12:8)
    at Module._compile (node:internal/modules/cjs/loader:1529:14)
    at Module._extensions..js (node:internal/modules/cjs/loader:1613:10)
    at Module.load (node:internal/modules/cjs/loader:1275:32)
    at Module._load (node:internal/modules/cjs/loader:1096:12)
    at Module.require (node:internal/modules/cjs/loader:1298:19)
    at Hook._require.Module.require (/usr/lib/node_modules/pm2/node_modules/require-in-the-middle/index.js:101:39)
    at require (node:internal/modules/helpers:182:18)
    at Object.<anonymous> (/home/devilish/Hour Booster/src/discord-bot/index.js:11:22)
    at Module._compile (node:internal/modules/cjs/loader:1529:14)
[ ERR ] [2025-07-14 10:05:59 GMT+7] ReferenceError: NODE_ENV is not defined
    at Object.<anonymous> (/home/devilish/Hour Booster/src/environments.js:15:3)
    at Module._compile (node:internal/modules/cjs/loader:1529:14)
    at Module._extensions..js (node:internal/modules/cjs/loader:1613:10)
    at Module.load (node:internal/modules/cjs/loader:1275:32)
    at Module._load (node:internal/modules/cjs/loader:1096:12)
    at Module.require (node:internal/modules/cjs/loader:1298:19)
    at Hook._require.Module.require (/usr/lib/node_modules/pm2/node_modules/require-in-the-middle/index.js:101:39)
    at require (node:internal/modules/helpers:182:18)
    at Object.<anonymous> (/home/devilish/Hour Booster/src/discord-bot/index.js:11:22)
    at Module._compile (node:internal/modules/cjs/loader:1529:14)
[ ERR ] [2025-07-14 10:06:00 GMT+7] ReferenceError: NODE_ENV is not defined
    at Object.<anonymous> (/home/devilish/Hour Booster/src/environments.js:15:3)
    at Module._compile (node:internal/modules/cjs/loader:1529:14)
    at Module._extensions..js (node:internal/modules/cjs/loader:1613:10)
    at Module.load (node:internal/modules/cjs/loader:1275:32)
    at Module._load (node:internal/modules/cjs/loader:1096:12)
    at Module.require (node:internal/modules/cjs/loader:1298:19)
    at Hook._require.Module.require (/usr/lib/node_modules/pm2/node_modules/require-in-the-middle/index.js:101:39)
    at require (node:internal/modules/helpers:182:18)
    at Object.<anonymous> (/home/devilish/Hour Booster/src/discord-bot/index.js:11:22)
    at Module._compile (node:internal/modules/cjs/loader:1529:14)
[ ERR ] [2025-07-14 10:06:03 GMT+7] ReferenceError: NODE_ENV is not defined
    at Object.<anonymous> (/home/devilish/Hour Booster/src/environments.js:15:3)
    at Module._compile (node:internal/modules/cjs/loader:1529:14)
    at Module._extensions..js (node:internal/modules/cjs/loader:1613:10)
    at Module.load (node:internal/modules/cjs/loader:1275:32)
    at Module._load (node:internal/modules/cjs/loader:1096:12)
    at Module.require (node:internal/modules/cjs/loader:1298:19)
    at Hook._require.Module.require (/usr/lib/node_modules/pm2/node_modules/require-in-the-middle/index.js:101:39)
    at require (node:internal/modules/helpers:182:18)
    at Object.<anonymous> (/home/devilish/Hour Booster/src/discord-bot/index.js:11:22)
    at Module._compile (node:internal/modules/cjs/loader:1529:14)
[ ERR ] [2025-07-14 10:06:06 GMT+7] ReferenceError: NODE_ENV is not defined
    at Object.<anonymous> (/home/devilish/Hour Booster/src/environments.js:15:3)
    at Module._compile (node:internal/modules/cjs/loader:1529:14)
    at Module._extensions..js (node:internal/modules/cjs/loader:1613:10)
    at Module.load (node:internal/modules/cjs/loader:1275:32)
    at Module._load (node:internal/modules/cjs/loader:1096:12)
    at Module.require (node:internal/modules/cjs/loader:1298:19)
    at Hook._require.Module.require (/usr/lib/node_modules/pm2/node_modules/require-in-the-middle/index.js:101:39)
    at require (node:internal/modules/helpers:182:18)
    at Object.<anonymous> (/home/devilish/Hour Booster/src/discord-bot/index.js:11:22)
    at Module._compile (node:internal/modules/cjs/loader:1529:14)
[ ERR ] [2025-07-14 10:06:09 GMT+7] ReferenceError: NODE_ENV is not defined
    at Object.<anonymous> (/home/devilish/Hour Booster/src/environments.js:15:3)
    at Module._compile (node:internal/modules/cjs/loader:1529:14)
    at Module._extensions..js (node:internal/modules/cjs/loader:1613:10)
    at Module.load (node:internal/modules/cjs/loader:1275:32)
    at Module._load (node:internal/modules/cjs/loader:1096:12)
    at Module.require (node:internal/modules/cjs/loader:1298:19)
    at Hook._require.Module.require (/usr/lib/node_modules/pm2/node_modules/require-in-the-middle/index.js:101:39)
    at require (node:internal/modules/helpers:182:18)
    at Object.<anonymous> (/home/devilish/Hour Booster/src/discord-bot/index.js:11:22)
    at Module._compile (node:internal/modules/cjs/loader:1529:14)
[ ERR ] [2025-07-14 10:06:13 GMT+7] ReferenceError: NODE_ENV is not defined
    at Object.<anonymous> (/home/devilish/Hour Booster/src/environments.js:15:3)
    at Module._compile (node:internal/modules/cjs/loader:1529:14)
    at Module._extensions..js (node:internal/modules/cjs/loader:1613:10)
    at Module.load (node:internal/modules/cjs/loader:1275:32)
    at Module._load (node:internal/modules/cjs/loader:1096:12)
    at Module.require (node:internal/modules/cjs/loader:1298:19)
    at Hook._require.Module.require (/usr/lib/node_modules/pm2/node_modules/require-in-the-middle/index.js:101:39)
    at require (node:internal/modules/helpers:182:18)
    at Object.<anonymous> (/home/devilish/Hour Booster/src/discord-bot/index.js:11:22)
    at Module._compile (node:internal/modules/cjs/loader:1529:14)
[ ERR ] [2025-07-14 10:06:16 GMT+7] ReferenceError: NODE_ENV is not defined
    at Object.<anonymous> (/home/devilish/Hour Booster/src/environments.js:15:3)
    at Module._compile (node:internal/modules/cjs/loader:1529:14)
    at Module._extensions..js (node:internal/modules/cjs/loader:1613:10)
    at Module.load (node:internal/modules/cjs/loader:1275:32)
    at Module._load (node:internal/modules/cjs/loader:1096:12)
    at Module.require (node:internal/modules/cjs/loader:1298:19)
    at Hook._require.Module.require (/usr/lib/node_modules/pm2/node_modules/require-in-the-middle/index.js:101:39)
    at require (node:internal/modules/helpers:182:18)
    at Object.<anonymous> (/home/devilish/Hour Booster/src/discord-bot/index.js:11:22)
    at Module._compile (node:internal/modules/cjs/loader:1529:14)
[ ERR ] [2025-07-14 10:06:19 GMT+7] ReferenceError: NODE_ENV is not defined
    at Object.<anonymous> (/home/devilish/Hour Booster/src/environments.js:15:3)
    at Module._compile (node:internal/modules/cjs/loader:1529:14)
    at Module._extensions..js (node:internal/modules/cjs/loader:1613:10)
    at Module.load (node:internal/modules/cjs/loader:1275:32)
    at Module._load (node:internal/modules/cjs/loader:1096:12)
    at Module.require (node:internal/modules/cjs/loader:1298:19)
    at Hook._require.Module.require (/usr/lib/node_modules/pm2/node_modules/require-in-the-middle/index.js:101:39)
    at require (node:internal/modules/helpers:182:18)
    at Object.<anonymous> (/home/devilish/Hour Booster/src/discord-bot/index.js:11:22)
    at Module._compile (node:internal/modules/cjs/loader:1529:14)
[ ERR ] [2025-07-14 10:06:22 GMT+7] ReferenceError: NODE_ENV is not defined
    at Object.<anonymous> (/home/devilish/Hour Booster/src/environments.js:15:3)
    at Module._compile (node:internal/modules/cjs/loader:1529:14)
    at Module._extensions..js (node:internal/modules/cjs/loader:1613:10)
    at Module.load (node:internal/modules/cjs/loader:1275:32)
    at Module._load (node:internal/modules/cjs/loader:1096:12)
    at Module.require (node:internal/modules/cjs/loader:1298:19)
    at Hook._require.Module.require (/usr/lib/node_modules/pm2/node_modules/require-in-the-middle/index.js:101:39)
    at require (node:internal/modules/helpers:182:18)
    at Object.<anonymous> (/home/devilish/Hour Booster/src/discord-bot/index.js:11:22)
    at Module._compile (node:internal/modules/cjs/loader:1529:14)
[ ERR ] [2025-07-14 10:06:26 GMT+7] Error [TokenInvalid]: An invalid token was provided.
    at Client.login (/home/devilish/Hour Booster/node_modules/discord.js/src/client/Client.js:214:52)
    at Object.<anonymous> (/home/devilish/Hour Booster/src/discord-bot/index.js:50:8)
    at Module._compile (node:internal/modules/cjs/loader:1529:14)
    at Module._extensions..js (node:internal/modules/cjs/loader:1613:10)
    at Module.load (node:internal/modules/cjs/loader:1275:32)
    at Module._load (node:internal/modules/cjs/loader:1096:12)
    at Object.<anonymous> (/usr/lib/node_modules/pm2/lib/ProcessContainerFork.js:33:23)
    at Module._compile (node:internal/modules/cjs/loader:1529:14)
    at Module._extensions..js (node:internal/modules/cjs/loader:1613:10)
    at Module.load (node:internal/modules/cjs/loader:1275:32)
[ ERR ] [2025-07-14 10:06:29 GMT+7] Error [TokenInvalid]: An invalid token was provided.
    at Client.login (/home/devilish/Hour Booster/node_modules/discord.js/src/client/Client.js:214:52)
    at Object.<anonymous> (/home/devilish/Hour Booster/src/discord-bot/index.js:50:8)
    at Module._compile (node:internal/modules/cjs/loader:1529:14)
    at Module._extensions..js (node:internal/modules/cjs/loader:1613:10)
    at Module.load (node:internal/modules/cjs/loader:1275:32)
    at Module._load (node:internal/modules/cjs/loader:1096:12)
    at Object.<anonymous> (/usr/lib/node_modules/pm2/lib/ProcessContainerFork.js:33:23)
    at Module._compile (node:internal/modules/cjs/loader:1529:14)
    at Module._extensions..js (node:internal/modules/cjs/loader:1613:10)
    at Module.load (node:internal/modules/cjs/loader:1275:32)
[ ERR ] [2025-07-14 10:06:31 GMT+7] AssertionError [ERR_ASSERTION]: NODE_ENV is required
    at Object.<anonymous> (/home/devilish/Hour Booster/src/environments.js:15:1)
    at Module._compile (node:internal/modules/cjs/loader:1529:14)
    at Module._extensions..js (node:internal/modules/cjs/loader:1613:10)
    at Module.load (node:internal/modules/cjs/loader:1275:32)
    at Module._load (node:internal/modules/cjs/loader:1096:12)
    at Module.require (node:internal/modules/cjs/loader:1298:19)
    at Hook._require.Module.require (/usr/lib/node_modules/pm2/node_modules/require-in-the-middle/index.js:101:39)
    at require (node:internal/modules/helpers:182:18)
    at Object.<anonymous> (/home/devilish/Hour Booster/src/discord-bot/index.js:11:22)
    at Module._compile (node:internal/modules/cjs/loader:1529:14)
[ ERR ] [2025-07-14 10:06:35 GMT+7] AssertionError [ERR_ASSERTION]: NODE_ENV is required
    at Object.<anonymous> (/home/devilish/Hour Booster/src/environments.js:15:1)
    at Module._compile (node:internal/modules/cjs/loader:1529:14)
    at Module._extensions..js (node:internal/modules/cjs/loader:1613:10)
    at Module.load (node:internal/modules/cjs/loader:1275:32)
    at Module._load (node:internal/modules/cjs/loader:1096:12)
    at Module.require (node:internal/modules/cjs/loader:1298:19)
    at Hook._require.Module.require (/usr/lib/node_modules/pm2/node_modules/require-in-the-middle/index.js:101:39)
    at require (node:internal/modules/helpers:182:18)
    at Object.<anonymous> (/home/devilish/Hour Booster/src/discord-bot/index.js:11:22)
    at Module._compile (node:internal/modules/cjs/loader:1529:14)
[ ERR ] [2025-07-14 10:06:38 GMT+7] AssertionError [ERR_ASSERTION]: NODE_ENV is required
    at Object.<anonymous> (/home/devilish/Hour Booster/src/environments.js:15:1)
    at Module._compile (node:internal/modules/cjs/loader:1529:14)
    at Module._extensions..js (node:internal/modules/cjs/loader:1613:10)
    at Module.load (node:internal/modules/cjs/loader:1275:32)
    at Module._load (node:internal/modules/cjs/loader:1096:12)
    at Module.require (node:internal/modules/cjs/loader:1298:19)
    at Hook._require.Module.require (/usr/lib/node_modules/pm2/node_modules/require-in-the-middle/index.js:101:39)
    at require (node:internal/modules/helpers:182:18)
    at Object.<anonymous> (/home/devilish/Hour Booster/src/discord-bot/index.js:11:22)
    at Module._compile (node:internal/modules/cjs/loader:1529:14)
[ ERR ] [2025-07-14 10:06:41 GMT+7] AssertionError [ERR_ASSERTION]: NODE_ENV is required
    at Object.<anonymous> (/home/devilish/Hour Booster/src/environments.js:15:1)
    at Module._compile (node:internal/modules/cjs/loader:1529:14)
    at Module._extensions..js (node:internal/modules/cjs/loader:1613:10)
    at Module.load (node:internal/modules/cjs/loader:1275:32)
    at Module._load (node:internal/modules/cjs/loader:1096:12)
    at Module.require (node:internal/modules/cjs/loader:1298:19)
    at Hook._require.Module.require (/usr/lib/node_modules/pm2/node_modules/require-in-the-middle/index.js:101:39)
    at require (node:internal/modules/helpers:182:18)
    at Object.<anonymous> (/home/devilish/Hour Booster/src/discord-bot/index.js:11:22)
    at Module._compile (node:internal/modules/cjs/loader:1529:14)
[ ERR ] [2025-07-14 10:06:44 GMT+7] AssertionError [ERR_ASSERTION]: NODE_ENV is required
    at Object.<anonymous> (/home/devilish/Hour Booster/src/environments.js:15:1)
    at Module._compile (node:internal/modules/cjs/loader:1529:14)
    at Module._extensions..js (node:internal/modules/cjs/loader:1613:10)
    at Module.load (node:internal/modules/cjs/loader:1275:32)
    at Module._load (node:internal/modules/cjs/loader:1096:12)
    at Module.require (node:internal/modules/cjs/loader:1298:19)
    at Hook._require.Module.require (/usr/lib/node_modules/pm2/node_modules/require-in-the-middle/index.js:101:39)
    at require (node:internal/modules/helpers:182:18)
    at Object.<anonymous> (/home/devilish/Hour Booster/src/discord-bot/index.js:11:22)
    at Module._compile (node:internal/modules/cjs/loader:1529:14)
[ ERR ] [2025-07-14 10:06:47 GMT+7] AssertionError [ERR_ASSERTION]: NODE_ENV is required
    at Object.<anonymous> (/home/devilish/Hour Booster/src/environments.js:15:1)
    at Module._compile (node:internal/modules/cjs/loader:1529:14)
    at Module._extensions..js (node:internal/modules/cjs/loader:1613:10)
    at Module.load (node:internal/modules/cjs/loader:1275:32)
    at Module._load (node:internal/modules/cjs/loader:1096:12)
    at Module.require (node:internal/modules/cjs/loader:1298:19)
    at Hook._require.Module.require (/usr/lib/node_modules/pm2/node_modules/require-in-the-middle/index.js:101:39)
    at require (node:internal/modules/helpers:182:18)
    at Object.<anonymous> (/home/devilish/Hour Booster/src/discord-bot/index.js:11:22)
    at Module._compile (node:internal/modules/cjs/loader:1529:14)
[ ERR ] [2025-07-14 10:06:50 GMT+7] AssertionError [ERR_ASSERTION]: NODE_ENV is required
    at Object.<anonymous> (/home/devilish/Hour Booster/src/environments.js:15:1)
    at Module._compile (node:internal/modules/cjs/loader:1529:14)
    at Module._extensions..js (node:internal/modules/cjs/loader:1613:10)
    at Module.load (node:internal/modules/cjs/loader:1275:32)
    at Module._load (node:internal/modules/cjs/loader:1096:12)
    at Module.require (node:internal/modules/cjs/loader:1298:19)
    at Hook._require.Module.require (/usr/lib/node_modules/pm2/node_modules/require-in-the-middle/index.js:101:39)
    at require (node:internal/modules/helpers:182:18)
    at Object.<anonymous> (/home/devilish/Hour Booster/src/discord-bot/index.js:11:22)
    at Module._compile (node:internal/modules/cjs/loader:1529:14)
[ ERR ] [2025-07-14 10:06:53 GMT+7] AssertionError [ERR_ASSERTION]: NODE_ENV is required
    at Object.<anonymous> (/home/devilish/Hour Booster/src/environments.js:15:1)
    at Module._compile (node:internal/modules/cjs/loader:1529:14)
    at Module._extensions..js (node:internal/modules/cjs/loader:1613:10)
    at Module.load (node:internal/modules/cjs/loader:1275:32)
    at Module._load (node:internal/modules/cjs/loader:1096:12)
    at Module.require (node:internal/modules/cjs/loader:1298:19)
    at Hook._require.Module.require (/usr/lib/node_modules/pm2/node_modules/require-in-the-middle/index.js:101:39)
    at require (node:internal/modules/helpers:182:18)
    at Object.<anonymous> (/home/devilish/Hour Booster/src/discord-bot/index.js:11:22)
    at Module._compile (node:internal/modules/cjs/loader:1529:14)
[ ERR ] [2025-07-14 10:06:56 GMT+7] AssertionError [ERR_ASSERTION]: NODE_ENV is required
    at Object.<anonymous> (/home/devilish/Hour Booster/src/environments.js:15:1)
    at Module._compile (node:internal/modules/cjs/loader:1529:14)
    at Module._extensions..js (node:internal/modules/cjs/loader:1613:10)
    at Module.load (node:internal/modules/cjs/loader:1275:32)
    at Module._load (node:internal/modules/cjs/loader:1096:12)
    at Module.require (node:internal/modules/cjs/loader:1298:19)
    at Hook._require.Module.require (/usr/lib/node_modules/pm2/node_modules/require-in-the-middle/index.js:101:39)
    at require (node:internal/modules/helpers:182:18)
    at Object.<anonymous> (/home/devilish/Hour Booster/src/discord-bot/index.js:11:22)
    at Module._compile (node:internal/modules/cjs/loader:1529:14)
[ ERR ] [2025-07-14 10:07:00 GMT+7] AssertionError [ERR_ASSERTION]: NODE_ENV is required
    at Object.<anonymous> (/home/devilish/Hour Booster/src/environments.js:15:1)
    at Module._compile (node:internal/modules/cjs/loader:1529:14)
    at Module._extensions..js (node:internal/modules/cjs/loader:1613:10)
    at Module.load (node:internal/modules/cjs/loader:1275:32)
    at Module._load (node:internal/modules/cjs/loader:1096:12)
    at Module.require (node:internal/modules/cjs/loader:1298:19)
    at Hook._require.Module.require (/usr/lib/node_modules/pm2/node_modules/require-in-the-middle/index.js:101:39)
    at require (node:internal/modules/helpers:182:18)
    at Object.<anonymous> (/home/devilish/Hour Booster/src/discord-bot/index.js:11:22)
    at Module._compile (node:internal/modules/cjs/loader:1529:14)
[ ERR ] [2025-07-14 10:07:03 GMT+7] AssertionError [ERR_ASSERTION]: NODE_ENV is required
    at Object.<anonymous> (/home/devilish/Hour Booster/src/environments.js:15:1)
    at Module._compile (node:internal/modules/cjs/loader:1529:14)
    at Module._extensions..js (node:internal/modules/cjs/loader:1613:10)
    at Module.load (node:internal/modules/cjs/loader:1275:32)
    at Module._load (node:internal/modules/cjs/loader:1096:12)
    at Module.require (node:internal/modules/cjs/loader:1298:19)
    at Hook._require.Module.require (/usr/lib/node_modules/pm2/node_modules/require-in-the-middle/index.js:101:39)
    at require (node:internal/modules/helpers:182:18)
    at Object.<anonymous> (/home/devilish/Hour Booster/src/discord-bot/index.js:11:22)
    at Module._compile (node:internal/modules/cjs/loader:1529:14)
[ ERR ] [2025-07-14 10:07:06 GMT+7] AssertionError [ERR_ASSERTION]: NODE_ENV is required
    at Object.<anonymous> (/home/devilish/Hour Booster/src/environments.js:15:1)
    at Module._compile (node:internal/modules/cjs/loader:1529:14)
    at Module._extensions..js (node:internal/modules/cjs/loader:1613:10)
    at Module.load (node:internal/modules/cjs/loader:1275:32)
    at Module._load (node:internal/modules/cjs/loader:1096:12)
    at Module.require (node:internal/modules/cjs/loader:1298:19)
    at Hook._require.Module.require (/usr/lib/node_modules/pm2/node_modules/require-in-the-middle/index.js:101:39)
    at require (node:internal/modules/helpers:182:18)
    at Object.<anonymous> (/home/devilish/Hour Booster/src/discord-bot/index.js:11:22)
    at Module._compile (node:internal/modules/cjs/loader:1529:14)
[ ERR ] [2025-07-14 10:07:09 GMT+7] AssertionError [ERR_ASSERTION]: NODE_ENV is required
    at Object.<anonymous> (/home/devilish/Hour Booster/src/environments.js:15:1)
    at Module._compile (node:internal/modules/cjs/loader:1529:14)
    at Module._extensions..js (node:internal/modules/cjs/loader:1613:10)
    at Module.load (node:internal/modules/cjs/loader:1275:32)
    at Module._load (node:internal/modules/cjs/loader:1096:12)
    at Module.require (node:internal/modules/cjs/loader:1298:19)
    at Hook._require.Module.require (/usr/lib/node_modules/pm2/node_modules/require-in-the-middle/index.js:101:39)
    at require (node:internal/modules/helpers:182:18)
    at Object.<anonymous> (/home/devilish/Hour Booster/src/discord-bot/index.js:11:22)
    at Module._compile (node:internal/modules/cjs/loader:1529:14)
[ ERR ] [2025-07-14 10:07:12 GMT+7] AssertionError [ERR_ASSERTION]: NODE_ENV is required
    at Object.<anonymous> (/home/devilish/Hour Booster/src/environments.js:15:1)
    at Module._compile (node:internal/modules/cjs/loader:1529:14)
    at Module._extensions..js (node:internal/modules/cjs/loader:1613:10)
    at Module.load (node:internal/modules/cjs/loader:1275:32)
    at Module._load (node:internal/modules/cjs/loader:1096:12)
    at Module.require (node:internal/modules/cjs/loader:1298:19)
    at Hook._require.Module.require (/usr/lib/node_modules/pm2/node_modules/require-in-the-middle/index.js:101:39)
    at require (node:internal/modules/helpers:182:18)
    at Object.<anonymous> (/home/devilish/Hour Booster/src/discord-bot/index.js:11:22)
    at Module._compile (node:internal/modules/cjs/loader:1529:14)
[ ERR ] [2025-07-14 10:07:15 GMT+7] AssertionError [ERR_ASSERTION]: NODE_ENV is required
    at Object.<anonymous> (/home/devilish/Hour Booster/src/environments.js:15:1)
    at Module._compile (node:internal/modules/cjs/loader:1529:14)
    at Module._extensions..js (node:internal/modules/cjs/loader:1613:10)
    at Module.load (node:internal/modules/cjs/loader:1275:32)
    at Module._load (node:internal/modules/cjs/loader:1096:12)
    at Module.require (node:internal/modules/cjs/loader:1298:19)
    at Hook._require.Module.require (/usr/lib/node_modules/pm2/node_modules/require-in-the-middle/index.js:101:39)
    at require (node:internal/modules/helpers:182:18)
    at Object.<anonymous> (/home/devilish/Hour Booster/src/discord-bot/index.js:11:22)
    at Module._compile (node:internal/modules/cjs/loader:1529:14)
[ ERR ] [2025-07-14 10:07:18 GMT+7] AssertionError [ERR_ASSERTION]: NODE_ENV is required
    at Object.<anonymous> (/home/devilish/Hour Booster/src/environments.js:15:1)
    at Module._compile (node:internal/modules/cjs/loader:1529:14)
    at Module._extensions..js (node:internal/modules/cjs/loader:1613:10)
    at Module.load (node:internal/modules/cjs/loader:1275:32)
    at Module._load (node:internal/modules/cjs/loader:1096:12)
    at Module.require (node:internal/modules/cjs/loader:1298:19)
    at Hook._require.Module.require (/usr/lib/node_modules/pm2/node_modules/require-in-the-middle/index.js:101:39)
    at require (node:internal/modules/helpers:182:18)
    at Object.<anonymous> (/home/devilish/Hour Booster/src/discord-bot/index.js:11:22)
    at Module._compile (node:internal/modules/cjs/loader:1529:14)
[ ERR ] [2025-07-14 10:07:22 GMT+7] AssertionError [ERR_ASSERTION]: NODE_ENV is required
    at Object.<anonymous> (/home/devilish/Hour Booster/src/environments.js:15:1)
    at Module._compile (node:internal/modules/cjs/loader:1529:14)
    at Module._extensions..js (node:internal/modules/cjs/loader:1613:10)
    at Module.load (node:internal/modules/cjs/loader:1275:32)
    at Module._load (node:internal/modules/cjs/loader:1096:12)
    at Module.require (node:internal/modules/cjs/loader:1298:19)
    at Hook._require.Module.require (/usr/lib/node_modules/pm2/node_modules/require-in-the-middle/index.js:101:39)
    at require (node:internal/modules/helpers:182:18)
    at Object.<anonymous> (/home/devilish/Hour Booster/src/discord-bot/index.js:11:22)
    at Module._compile (node:internal/modules/cjs/loader:1529:14)
[ ERR ] [2025-07-14 10:07:25 GMT+7] ReferenceError: ocess is not defined
    at Object.<anonymous> (/home/devilish/Hour Booster/src/environments.js:36:1)
    at Module._compile (node:internal/modules/cjs/loader:1529:14)
    at Module._extensions..js (node:internal/modules/cjs/loader:1613:10)
    at Module.load (node:internal/modules/cjs/loader:1275:32)
    at Module._load (node:internal/modules/cjs/loader:1096:12)
    at Module.require (node:internal/modules/cjs/loader:1298:19)
    at Hook._require.Module.require (/usr/lib/node_modules/pm2/node_modules/require-in-the-middle/index.js:101:39)
    at require (node:internal/modules/helpers:182:18)
    at Object.<anonymous> (/home/devilish/Hour Booster/src/discord-bot/index.js:11:22)
    at Module._compile (node:internal/modules/cjs/loader:1529:14)
[ ERR ] [2025-07-14 10:07:28 GMT+7] ReferenceError: ocess is not defined
    at Object.<anonymous> (/home/devilish/Hour Booster/src/environments.js:36:1)
    at Module._compile (node:internal/modules/cjs/loader:1529:14)
    at Module._extensions..js (node:internal/modules/cjs/loader:1613:10)
    at Module.load (node:internal/modules/cjs/loader:1275:32)
    at Module._load (node:internal/modules/cjs/loader:1096:12)
    at Module.require (node:internal/modules/cjs/loader:1298:19)
    at Hook._require.Module.require (/usr/lib/node_modules/pm2/node_modules/require-in-the-middle/index.js:101:39)
    at require (node:internal/modules/helpers:182:18)
    at Object.<anonymous> (/home/devilish/Hour Booster/src/discord-bot/index.js:11:22)
    at Module._compile (node:internal/modules/cjs/loader:1529:14)
[ ERR ] [2025-07-14 10:07:31 GMT+7] ReferenceError: ocess is not defined
    at Object.<anonymous> (/home/devilish/Hour Booster/src/environments.js:36:1)
    at Module._compile (node:internal/modules/cjs/loader:1529:14)
    at Module._extensions..js (node:internal/modules/cjs/loader:1613:10)
    at Module.load (node:internal/modules/cjs/loader:1275:32)
    at Module._load (node:internal/modules/cjs/loader:1096:12)
    at Module.require (node:internal/modules/cjs/loader:1298:19)
    at Hook._require.Module.require (/usr/lib/node_modules/pm2/node_modules/require-in-the-middle/index.js:101:39)
    at require (node:internal/modules/helpers:182:18)
    at Object.<anonymous> (/home/devilish/Hour Booster/src/discord-bot/index.js:11:22)
    at Module._compile (node:internal/modules/cjs/loader:1529:14)
[ ERR ] [2025-07-14 10:07:34 GMT+7] ReferenceError: ocess is not defined
    at Object.<anonymous> (/home/devilish/Hour Booster/src/environments.js:36:1)
    at Module._compile (node:internal/modules/cjs/loader:1529:14)
    at Module._extensions..js (node:internal/modules/cjs/loader:1613:10)
    at Module.load (node:internal/modules/cjs/loader:1275:32)
    at Module._load (node:internal/modules/cjs/loader:1096:12)
    at Module.require (node:internal/modules/cjs/loader:1298:19)
    at Hook._require.Module.require (/usr/lib/node_modules/pm2/node_modules/require-in-the-middle/index.js:101:39)
    at require (node:internal/modules/helpers:182:18)
    at Object.<anonymous> (/home/devilish/Hour Booster/src/discord-bot/index.js:11:22)
    at Module._compile (node:internal/modules/cjs/loader:1529:14)
[ ERR ] [2025-07-14 10:07:37 GMT+7] ReferenceError: ocess is not defined
    at Object.<anonymous> (/home/devilish/Hour Booster/src/environments.js:36:1)
    at Module._compile (node:internal/modules/cjs/loader:1529:14)
    at Module._extensions..js (node:internal/modules/cjs/loader:1613:10)
    at Module.load (node:internal/modules/cjs/loader:1275:32)
    at Module._load (node:internal/modules/cjs/loader:1096:12)
    at Module.require (node:internal/modules/cjs/loader:1298:19)
    at Hook._require.Module.require (/usr/lib/node_modules/pm2/node_modules/require-in-the-middle/index.js:101:39)
    at require (node:internal/modules/helpers:182:18)
    at Object.<anonymous> (/home/devilish/Hour Booster/src/discord-bot/index.js:11:22)
    at Module._compile (node:internal/modules/cjs/loader:1529:14)
[ ERR ] [2025-07-14 10:07:40 GMT+7] ReferenceError: ocess is not defined
    at Object.<anonymous> (/home/devilish/Hour Booster/src/environments.js:36:1)
    at Module._compile (node:internal/modules/cjs/loader:1529:14)
    at Module._extensions..js (node:internal/modules/cjs/loader:1613:10)
    at Module.load (node:internal/modules/cjs/loader:1275:32)
    at Module._load (node:internal/modules/cjs/loader:1096:12)
    at Module.require (node:internal/modules/cjs/loader:1298:19)
    at Hook._require.Module.require (/usr/lib/node_modules/pm2/node_modules/require-in-the-middle/index.js:101:39)
    at require (node:internal/modules/helpers:182:18)
    at Object.<anonymous> (/home/devilish/Hour Booster/src/discord-bot/index.js:11:22)
    at Module._compile (node:internal/modules/cjs/loader:1529:14)
[ ERR ] [2025-07-14 10:07:43 GMT+7] ReferenceError: ocess is not defined
    at Object.<anonymous> (/home/devilish/Hour Booster/src/environments.js:36:1)
    at Module._compile (node:internal/modules/cjs/loader:1529:14)
    at Module._extensions..js (node:internal/modules/cjs/loader:1613:10)
    at Module.load (node:internal/modules/cjs/loader:1275:32)
    at Module._load (node:internal/modules/cjs/loader:1096:12)
    at Module.require (node:internal/modules/cjs/loader:1298:19)
    at Hook._require.Module.require (/usr/lib/node_modules/pm2/node_modules/require-in-the-middle/index.js:101:39)
    at require (node:internal/modules/helpers:182:18)
    at Object.<anonymous> (/home/devilish/Hour Booster/src/discord-bot/index.js:11:22)
    at Module._compile (node:internal/modules/cjs/loader:1529:14)
[ ERR ] [2025-07-14 10:07:47 GMT+7] ReferenceError: ocess is not defined
    at Object.<anonymous> (/home/devilish/Hour Booster/src/environments.js:36:1)
    at Module._compile (node:internal/modules/cjs/loader:1529:14)
    at Module._extensions..js (node:internal/modules/cjs/loader:1613:10)
    at Module.load (node:internal/modules/cjs/loader:1275:32)
    at Module._load (node:internal/modules/cjs/loader:1096:12)
    at Module.require (node:internal/modules/cjs/loader:1298:19)
    at Hook._require.Module.require (/usr/lib/node_modules/pm2/node_modules/require-in-the-middle/index.js:101:39)
    at require (node:internal/modules/helpers:182:18)
    at Object.<anonymous> (/home/devilish/Hour Booster/src/discord-bot/index.js:11:22)
    at Module._compile (node:internal/modules/cjs/loader:1529:14)
[ ERR ] [2025-07-14 10:07:50 GMT+7] ReferenceError: ocess is not defined
    at Object.<anonymous> (/home/devilish/Hour Booster/src/environments.js:36:1)
    at Module._compile (node:internal/modules/cjs/loader:1529:14)
    at Module._extensions..js (node:internal/modules/cjs/loader:1613:10)
    at Module.load (node:internal/modules/cjs/loader:1275:32)
    at Module._load (node:internal/modules/cjs/loader:1096:12)
    at Module.require (node:internal/modules/cjs/loader:1298:19)
    at Hook._require.Module.require (/usr/lib/node_modules/pm2/node_modules/require-in-the-middle/index.js:101:39)
    at require (node:internal/modules/helpers:182:18)
    at Object.<anonymous> (/home/devilish/Hour Booster/src/discord-bot/index.js:11:22)
    at Module._compile (node:internal/modules/cjs/loader:1529:14)
[ ERR ] [2025-07-14 10:07:53 GMT+7] ReferenceError: ocess is not defined
    at Object.<anonymous> (/home/devilish/Hour Booster/src/environments.js:36:1)
    at Module._compile (node:internal/modules/cjs/loader:1529:14)
    at Module._extensions..js (node:internal/modules/cjs/loader:1613:10)
    at Module.load (node:internal/modules/cjs/loader:1275:32)
    at Module._load (node:internal/modules/cjs/loader:1096:12)
    at Module.require (node:internal/modules/cjs/loader:1298:19)
    at Hook._require.Module.require (/usr/lib/node_modules/pm2/node_modules/require-in-the-middle/index.js:101:39)
    at require (node:internal/modules/helpers:182:18)
    at Object.<anonymous> (/home/devilish/Hour Booster/src/discord-bot/index.js:11:22)
    at Module._compile (node:internal/modules/cjs/loader:1529:14)
[ ERR ] [2025-07-14 10:07:55 GMT+7] ReferenceError: ocess is not defined
    at Object.<anonymous> (/home/devilish/Hour Booster/src/environments.js:36:1)
    at Module._compile (node:internal/modules/cjs/loader:1529:14)
    at Module._extensions..js (node:internal/modules/cjs/loader:1613:10)
    at Module.load (node:internal/modules/cjs/loader:1275:32)
    at Module._load (node:internal/modules/cjs/loader:1096:12)
    at Module.require (node:internal/modules/cjs/loader:1298:19)
    at Hook._require.Module.require (/usr/lib/node_modules/pm2/node_modules/require-in-the-middle/index.js:101:39)
    at require (node:internal/modules/helpers:182:18)
    at Object.<anonymous> (/home/devilish/Hour Booster/src/discord-bot/index.js:11:22)
    at Module._compile (node:internal/modules/cjs/loader:1529:14)
[ ERR ] [2025-07-14 10:07:58 GMT+7] ReferenceError: ocess is not defined
    at Object.<anonymous> (/home/devilish/Hour Booster/src/environments.js:36:1)
    at Module._compile (node:internal/modules/cjs/loader:1529:14)
    at Module._extensions..js (node:internal/modules/cjs/loader:1613:10)
    at Module.load (node:internal/modules/cjs/loader:1275:32)
    at Module._load (node:internal/modules/cjs/loader:1096:12)
    at Module.require (node:internal/modules/cjs/loader:1298:19)
    at Hook._require.Module.require (/usr/lib/node_modules/pm2/node_modules/require-in-the-middle/index.js:101:39)
    at require (node:internal/modules/helpers:182:18)
    at Object.<anonymous> (/home/devilish/Hour Booster/src/discord-bot/index.js:11:22)
    at Module._compile (node:internal/modules/cjs/loader:1529:14)
[ ERR ] [2025-07-14 10:08:01 GMT+7] ReferenceError: ocess is not defined
    at Object.<anonymous> (/home/devilish/Hour Booster/src/environments.js:36:1)
    at Module._compile (node:internal/modules/cjs/loader:1529:14)
    at Module._extensions..js (node:internal/modules/cjs/loader:1613:10)
    at Module.load (node:internal/modules/cjs/loader:1275:32)
    at Module._load (node:internal/modules/cjs/loader:1096:12)
    at Module.require (node:internal/modules/cjs/loader:1298:19)
    at Hook._require.Module.require (/usr/lib/node_modules/pm2/node_modules/require-in-the-middle/index.js:101:39)
    at require (node:internal/modules/helpers:182:18)
    at Object.<anonymous> (/home/devilish/Hour Booster/src/discord-bot/index.js:11:22)
    at Module._compile (node:internal/modules/cjs/loader:1529:14)
[ ERR ] [2025-07-14 10:08:04 GMT+7] ReferenceError: ocess is not defined
    at Object.<anonymous> (/home/devilish/Hour Booster/src/environments.js:36:1)
    at Module._compile (node:internal/modules/cjs/loader:1529:14)
    at Module._extensions..js (node:internal/modules/cjs/loader:1613:10)
    at Module.load (node:internal/modules/cjs/loader:1275:32)
    at Module._load (node:internal/modules/cjs/loader:1096:12)
    at Module.require (node:internal/modules/cjs/loader:1298:19)
    at Hook._require.Module.require (/usr/lib/node_modules/pm2/node_modules/require-in-the-middle/index.js:101:39)
    at require (node:internal/modules/helpers:182:18)
    at Object.<anonymous> (/home/devilish/Hour Booster/src/discord-bot/index.js:11:22)
    at Module._compile (node:internal/modules/cjs/loader:1529:14)
[ ERR ] [2025-07-14 10:08:07 GMT+7] ReferenceError: ocess is not defined
    at Object.<anonymous> (/home/devilish/Hour Booster/src/environments.js:36:1)
    at Module._compile (node:internal/modules/cjs/loader:1529:14)
    at Module._extensions..js (node:internal/modules/cjs/loader:1613:10)
    at Module.load (node:internal/modules/cjs/loader:1275:32)
    at Module._load (node:internal/modules/cjs/loader:1096:12)
    at Module.require (node:internal/modules/cjs/loader:1298:19)
    at Hook._require.Module.require (/usr/lib/node_modules/pm2/node_modules/require-in-the-middle/index.js:101:39)
    at require (node:internal/modules/helpers:182:18)
    at Object.<anonymous> (/home/devilish/Hour Booster/src/discord-bot/index.js:11:22)
    at Module._compile (node:internal/modules/cjs/loader:1529:14)
[ ERR ] [2025-07-14 10:08:11 GMT+7] TypeError [ERR_INVALID_ARG_TYPE]: The "code" argument must be of type number. Received type string ('SIGINT')
    at process.set [as exitCode] (node:internal/bootstrap/node:123:9)
    at process.exit (node:internal/process/per_thread:179:24)
    at process.<anonymous> (/home/devilish/Hour Booster/node_modules/@prisma/client/runtime/library.js:99:2170)
    at Object.onceWrapper (node:events:639:26)
    at process.emit (node:events:524:28)
[ INF ] [2025-07-14 10:08:12 GMT+7] Bot Ready! Logged in as Hour Booster#3853
[ INF ] [2025-07-14 10:08:12 GMT+7] Found 3 running Steam accounts. Restarting...
[ INF ] [2025-07-14 10:08:12 GMT+7] Restarting bot for blastzyt2
[ INF ] [2025-07-14 10:08:15 GMT+7] Bot Ready! Logged in as Hour Booster#3853
[ INF ] [2025-07-14 10:08:15 GMT+7] Found 3 running Steam accounts. Restarting...
[ INF ] [2025-07-14 10:08:15 GMT+7] Restarting bot for blastzyt2
[ INF ] [2025-07-14 10:08:20 GMT+7] Restarting bot for blastzyt1
[ INF ] [2025-07-14 10:08:25 GMT+7] Restarting bot for hourbooster11
[ INF ] [2025-07-14 10:08:30 GMT+7] Restarted all running Steam accounts.
[ INF ] [2025-07-14 10:08:47 GMT+7] d_vil_sh#0 in DM used command: boost
[ INF ] [2025-07-14 10:08:56 GMT+7] d_vil_sh#0 in DM used command: help
[ INF ] [2025-07-17 01:23:40 GMT+7] Bot Ready! Logged in as Hour Booster#3853
[ INF ] [2025-07-17 01:23:40 GMT+7] Found 4 running Steam accounts. Restarting...
[ INF ] [2025-07-17 01:23:40 GMT+7] Restarting bot for blastzyt2
[ INF ] [2025-07-17 01:23:45 GMT+7] Restarting bot for overlord8761
[ INF ] [2025-07-17 01:23:50 GMT+7] Restarting bot for blastzyt1
[ INF ] [2025-07-17 01:23:55 GMT+7] Restarting bot for hourbooster11
[ INF ] [2025-07-17 01:24:00 GMT+7] Restarted all running Steam accounts.
